Plate18_L4	Plate17_L16	Plate16_P4	Plate15_P16	Plate15_D4	Plate14_D16	Plate13_H4	Plate12_H16	Plate11_L4	Plate10_L16	Plate9_P4	Plate8_P16	Plate8_D4	Plate7_D16	Plate6_H4	Plate5_H16	Plate4_L4	Plate3_L16	Plate2_P4	Plate1_P16	Plate1_D4	Plate18_L3	Plate17_L15	Plate16_P3	Plate15_P15	Plate15_D3	Plate14_D15	Plate13_H3	Plate12_H15	Plate11_L3	Plate10_L15	Plate9_P3	Plate8_P15	Plate8_D3	Plate7_D15	Plate6_H3	Plate5_H15	Plate4_L3	Plate3_L15	Plate2_P3	Plate1_P15	Plate1_D3	Plate18_L2	Plate17_L14	Plate16_P2	Plate15_P14	Plate15_D2	Plate14_D14	Plate13_H2	Plate12_H14	Plate11_L2	Plate10_L14	Plate9_P2	Plate8_P14	Plate8_D2	Plate7_D14	Plate6_H2	Plate5_H14	Plate4_L2	Plate3_L14	Plate2_P2	Plate1_P14	Plate1_D2	Plate18_L1	Plate17_L13	Plate16_P1	Plate15_P13	Plate15_D1	Plate14_D13	Plate13_H1	Plate12_H13	Plate11_L1	Plate10_L13	Plate9_P1	Plate8_P13	Plate8_D1	Plate7_D13	Plate6_H1	Plate5_H13	Plate4_L1	Plate3_L13	Plate2_P1	Plate1_P13	Plate1_D1
Plate18_L8	Plate17_L20	Plate16_P8	Plate15_P20	Plate15_D8	Plate14_D20	Plate13_H8	Plate12_H20	Plate11_L8	Plate10_L20	Plate9_P8	Plate8_P20	Plate8_D8	Plate7_D20	Plate6_H8	Plate5_H20	Plate4_L8	Plate3_L20	Plate2_P8	Plate1_P20	Plate1_D8	Plate18_L7	Plate17_L19	Plate16_P7	Plate15_P19	Plate15_D7	Plate14_D19	Plate13_H7	Plate12_H19	Plate11_L7	Plate10_L19	Plate9_P7	Plate8_P19	Plate8_D7	Plate7_D19	Plate6_H7	Plate5_H19	Plate4_L7	Plate3_L19	Plate2_P7	Plate1_P19	Plate1_D7	Plate18_L6	Plate17_L18	Plate16_P6	Plate15_P18	Plate15_D6	Plate14_D18	Plate13_H6	Plate12_H18	Plate11_L6	Plate10_L18	Plate9_P6	Plate8_P18	Plate8_D6	Plate7_D18	Plate6_H6	Plate5_H18	Plate4_L6	Plate3_L18	Plate2_P6	Plate1_P18	Plate1_D6	Plate18_L5	Plate17_L17	Plate16_P5	Plate15_P17	Plate15_D5	Plate14_D17	Plate13_H5	Plate12_H17	Plate11_L5	Plate10_L17	Plate9_P5	Plate8_P17	Plate8_D5	Plate7_D17	Plate6_H5	Plate5_H17	Plate4_L5	Plate3_L17	Plate2_P5	Plate1_P17	Plate1_D5
Plate18_L12	Plate17_L24	Plate16_P12	Plate15_P24	Plate15_D12	Plate14_D24	Plate13_H12	Plate12_H24	Plate11_L12	Plate10_L24	Plate9_P12	Plate8_P24	Plate8_D12	Plate7_D24	Plate6_H12	Plate5_H24	Plate4_L12	Plate3_L24	Plate2_P12	Plate1_P24	Plate1_D12	Plate18_L11	Plate17_L23	Plate16_P11	Plate15_P23	Plate15_D11	Plate14_D23	Plate13_H11	Plate12_H23	Plate11_L11	Plate10_L23	Plate9_P11	Plate8_P23	Plate8_D11	Plate7_D23	Plate6_H11	Plate5_H23	Plate4_L11	Plate3_L23	Plate2_P11	Plate1_P23	Plate1_D11	Plate18_L10	Plate17_L22	Plate16_P10	Plate15_P22	Plate15_D10	Plate14_D22	Plate13_H10	Plate12_H22	Plate11_L10	Plate10_L22	Plate9_P10	Plate8_P22	Plate8_D10	Plate7_D22	Plate6_H10	Plate5_H22	Plate4_L10	Plate3_L22	Plate2_P10	Plate1_P22	Plate1_D10	Plate18_L9	Plate17_L21	Plate16_P9	Plate15_P21	Plate15_D9	Plate14_D21	Plate13_H9	Plate12_H21	Plate11_L9	Plate10_L21	Plate9_P9	Plate8_P21	Plate8_D9	Plate7_D21	Plate6_H9	Plate5_H21	Plate4_L9	Plate3_L21	Plate2_P9	Plate1_P21	Plate1_D9
Plate18_L16	Plate17_P4	Plate16_P16	Plate16_D4	Plate15_D16	Plate14_H4	Plate13_H16	Plate12_L4	Plate11_L16	Plate10_P4	Plate9_P16	Plate9_D4	Plate8_D16	Plate7_H4	Plate6_H16	Plate5_L4	Plate4_L16	Plate3_P4	Plate2_P16	Plate2_D4	Plate1_D16	Plate18_L15	Plate17_P3	Plate16_P15	Plate16_D3	Plate15_D15	Plate14_H3	Plate13_H15	Plate12_L3	Plate11_L15	Plate10_P3	Plate9_P15	Plate9_D3	Plate8_D15	Plate7_H3	Plate6_H15	Plate5_L3	Plate4_L15	Plate3_P3	Plate2_P15	Plate2_D3	Plate1_D15	Plate18_L14	Plate17_P2	Plate16_P14	Plate16_D2	Plate15_D14	Plate14_H2	Plate13_H14	Plate12_L2	Plate11_L14	Plate10_P2	Plate9_P14	Plate9_D2	Plate8_D14	Plate7_H2	Plate6_H14	Plate5_L2	Plate4_L14	Plate3_P2	Plate2_P14	Plate2_D2	Plate1_D14	Plate18_L13	Plate17_P1	Plate16_P13	Plate16_D1	Plate15_D13	Plate14_H1	Plate13_H13	Plate12_L1	Plate11_L13	Plate10_P1	Plate9_P13	Plate9_D1	Plate8_D13	Plate7_H1	Plate6_H13	Plate5_L1	Plate4_L13	Plate3_P1	Plate2_P13	Plate2_D1	Plate1_D13
Plate18_L20	Plate17_P8	Plate16_P20	Plate16_D8	Plate15_D20	Plate14_H8	Plate13_H20	Plate12_L8	Plate11_L20	Plate10_P8	Plate9_P20	Plate9_D8	Plate8_D20	Plate7_H8	Plate6_H20	Plate5_L8	Plate4_L20	Plate3_P8	Plate2_P20	Plate2_D8	Plate1_D20	Plate18_L19	Plate17_P7	Plate16_P19	Plate16_D7	Plate15_D19	Plate14_H7	Plate13_H19	Plate12_L7	Plate11_L19	Plate10_P7	Plate9_P19	Plate9_D7	Plate8_D19	Plate7_H7	Plate6_H19	Plate5_L7	Plate4_L19	Plate3_P7	Plate2_P19	Plate2_D7	Plate1_D19	Plate18_L18	Plate17_P6	Plate16_P18	Plate16_D6	Plate15_D18	Plate14_H6	Plate13_H18	Plate12_L6	Plate11_L18	Plate10_P6	Plate9_P18	Plate9_D6	Plate8_D18	Plate7_H6	Plate6_H18	Plate5_L6	Plate4_L18	Plate3_P6	Plate2_P18	Plate2_D6	Plate1_D18	Plate18_L17	Plate17_P5	Plate16_P17	Plate16_D5	Plate15_D17	Plate14_H5	Plate13_H17	Plate12_L5	Plate11_L17	Plate10_P5	Plate9_P17	Plate9_D5	Plate8_D17	Plate7_H5	Plate6_H17	Plate5_L5	Plate4_L17	Plate3_P5	Plate2_P17	Plate2_D5	Plate1_D17
Plate18_L24	Plate17_P12	Plate16_P24	Plate16_D12	Plate15_D24	Plate14_H12	Plate13_H24	Plate12_L12	Plate11_L24	Plate10_P12	Plate9_P24	Plate9_D12	Plate8_D24	Plate7_H12	Plate6_H24	Plate5_L12	Plate4_L24	Plate3_P12	Plate2_P24	Plate2_D12	Plate1_D24	Plate18_L23	Plate17_P11	Plate16_P23	Plate16_D11	Plate15_D23	Plate14_H11	Plate13_H23	Plate12_L11	Plate11_L23	Plate10_P11	Plate9_P23	Plate9_D11	Plate8_D23	Plate7_H11	Plate6_H23	Plate5_L11	Plate4_L23	Plate3_P11	Plate2_P23	Plate2_D11	Plate1_D23	Plate18_L22	Plate17_P10	Plate16_P22	Plate16_D10	Plate15_D22	Plate14_H10	Plate13_H22	Plate12_L10	Plate11_L22	Plate10_P10	Plate9_P22	Plate9_D10	Plate8_D22	Plate7_H10	Plate6_H22	Plate5_L10	Plate4_L22	Plate3_P10	Plate2_P22	Plate2_D10	Plate1_D22	Plate18_L21	Plate17_P9	Plate16_P21	Plate16_D9	Plate15_D21	Plate14_H9	Plate13_H21	Plate12_L9	Plate11_L21	Plate10_P9	Plate9_P21	Plate9_D9	Plate8_D21	Plate7_H9	Plate6_H21	Plate5_L9	Plate4_L21	Plate3_P9	Plate2_P21	Plate2_D9	Plate1_D21
Plate18_P4	Plate17_P16	Plate17_D4	Plate16_D16	Plate15_H4	Plate14_H16	Plate13_L4	Plate12_L16	Plate11_P4	Plate10_P16	Plate10_D4	Plate9_D16	Plate8_H4	Plate7_H16	Plate6_L4	Plate5_L16	Plate4_P4	Plate3_P16	Plate3_D4	Plate2_D16	Plate1_H4	Plate18_P3	Plate17_P15	Plate17_D3	Plate16_D15	Plate15_H3	Plate14_H15	Plate13_L3	Plate12_L15	Plate11_P3	Plate10_P15	Plate10_D3	Plate9_D15	Plate8_H3	Plate7_H15	Plate6_L3	Plate5_L15	Plate4_P3	Plate3_P15	Plate3_D3	Plate2_D15	Plate1_H3	Plate18_P2	Plate17_P14	Plate17_D2	Plate16_D14	Plate15_H2	Plate14_H14	Plate13_L2	Plate12_L14	Plate11_P2	Plate10_P14	Plate10_D2	Plate9_D14	Plate8_H2	Plate7_H14	Plate6_L2	Plate5_L14	Plate4_P2	Plate3_P14	Plate3_D2	Plate2_D14	Plate1_H2	Plate18_P1	Plate17_P13	Plate17_D1	Plate16_D13	Plate15_H1	Plate14_H13	Plate13_L1	Plate12_L13	Plate11_P1	Plate10_P13	Plate10_D1	Plate9_D13	Plate8_H1	Plate7_H13	Plate6_L1	Plate5_L13	Plate4_P1	Plate3_P13	Plate3_D1	Plate2_D13	Plate1_H1
Plate18_P8	Plate17_P20	Plate17_D8	Plate16_D20	Plate15_H8	Plate14_H20	Plate13_L8	Plate12_L20	Plate11_P8	Plate10_P20	Plate10_D8	Plate9_D20	Plate8_H8	Plate7_H20	Plate6_L8	Plate5_L20	Plate4_P8	Plate3_P20	Plate3_D8	Plate2_D20	Plate1_H8	Plate18_P7	Plate17_P19	Plate17_D7	Plate16_D19	Plate15_H7	Plate14_H19	Plate13_L7	Plate12_L19	Plate11_P7	Plate10_P19	Plate10_D7	Plate9_D19	Plate8_H7	Plate7_H19	Plate6_L7	Plate5_L19	Plate4_P7	Plate3_P19	Plate3_D7	Plate2_D19	Plate1_H7	Plate18_P6	Plate17_P18	Plate17_D6	Plate16_D18	Plate15_H6	Plate14_H18	Plate13_L6	Plate12_L18	Plate11_P6	Plate10_P18	Plate10_D6	Plate9_D18	Plate8_H6	Plate7_H18	Plate6_L6	Plate5_L18	Plate4_P6	Plate3_P18	Plate3_D6	Plate2_D18	Plate1_H6	Plate18_P5	Plate17_P17	Plate17_D5	Plate16_D17	Plate15_H5	Plate14_H17	Plate13_L5	Plate12_L17	Plate11_P5	Plate10_P17	Plate10_D5	Plate9_D17	Plate8_H5	Plate7_H17	Plate6_L5	Plate5_L17	Plate4_P5	Plate3_P17	Plate3_D5	Plate2_D17	Plate1_H5
Plate18_P12	Plate17_P24	Plate17_D12	Plate16_D24	Plate15_H12	Plate14_H24	Plate13_L12	Plate12_L24	Plate11_P12	Plate10_P24	Plate10_D12	Plate9_D24	Plate8_H12	Plate7_H24	Plate6_L12	Plate5_L24	Plate4_P12	Plate3_P24	Plate3_D12	Plate2_D24	Plate1_H12	Plate18_P11	Plate17_P23	Plate17_D11	Plate16_D23	Plate15_H11	Plate14_H23	Plate13_L11	Plate12_L23	Plate11_P11	Plate10_P23	Plate10_D11	Plate9_D23	Plate8_H11	Plate7_H23	Plate6_L11	Plate5_L23	Plate4_P11	Plate3_P23	Plate3_D11	Plate2_D23	Plate1_H11	Plate18_P10	Plate17_P22	Plate17_D10	Plate16_D22	Plate15_H10	Plate14_H22	Plate13_L10	Plate12_L22	Plate11_P10	Plate10_P22	Plate10_D10	Plate9_D22	Plate8_H10	Plate7_H22	Plate6_L10	Plate5_L22	Plate4_P10	Plate3_P22	Plate3_D10	Plate2_D22	Plate1_H10	Plate18_P9	Plate17_P21	Plate17_D9	Plate16_D21	Plate15_H9	Plate14_H21	Plate13_L9	Plate12_L21	Plate11_P9	Plate10_P21	Plate10_D9	Plate9_D21	Plate8_H9	Plate7_H21	Plate6_L9	Plate5_L21	Plate4_P9	Plate3_P21	Plate3_D9	Plate2_D21	Plate1_H9
Plate18_P16	Plate18_D4	Plate17_D16	Plate16_H4	Plate15_H16	Plate14_L4	Plate13_L16	Plate12_P4	Plate11_P16	Plate11_D4	Plate10_D16	Plate9_H4	Plate8_H16	Plate7_L4	Plate6_L16	Plate5_P4	Plate4_P16	Plate4_D4	Plate3_D16	Plate2_H4	Plate1_H16	Plate18_P15	Plate18_D3	Plate17_D15	Plate16_H3	Plate15_H15	Plate14_L3	Plate13_L15	Plate12_P3	Plate11_P15	Plate11_D3	Plate10_D15	Plate9_H3	Plate8_H15	Plate7_L3	Plate6_L15	Plate5_P3	Plate4_P15	Plate4_D3	Plate3_D15	Plate2_H3	Plate1_H15	Plate18_P14	Plate18_D2	Plate17_D14	Plate16_H2	Plate15_H14	Plate14_L2	Plate13_L14	Plate12_P2	Plate11_P14	Plate11_D2	Plate10_D14	Plate9_H2	Plate8_H14	Plate7_L2	Plate6_L14	Plate5_P2	Plate4_P14	Plate4_D2	Plate3_D14	Plate2_H2	Plate1_H14	Plate18_P13	Plate18_D1	Plate17_D13	Plate16_H1	Plate15_H13	Plate14_L1	Plate13_L13	Plate12_P1	Plate11_P13	Plate11_D1	Plate10_D13	Plate9_H1	Plate8_H13	Plate7_L1	Plate6_L13	Plate5_P1	Plate4_P13	Plate4_D1	Plate3_D13	Plate2_H1	Plate1_H13
Plate18_P20	Plate18_D8	Plate17_D20	Plate16_H8	Plate15_H20	Plate14_L8	Plate13_L20	Plate12_P8	Plate11_P20	Plate11_D8	Plate10_D20	Plate9_H8	Plate8_H20	Plate7_L8	Plate6_L20	Plate5_P8	Plate4_P20	Plate4_D8	Plate3_D20	Plate2_H8	Plate1_H20	Plate18_P19	Plate18_D7	Plate17_D19	Plate16_H7	Plate15_H19	Plate14_L7	Plate13_L19	Plate12_P7	Plate11_P19	Plate11_D7	Plate10_D19	Plate9_H7	Plate8_H19	Plate7_L7	Plate6_L19	Plate5_P7	Plate4_P19	Plate4_D7	Plate3_D19	Plate2_H7	Plate1_H19	Plate18_P18	Plate18_D6	Plate17_D18	Plate16_H6	Plate15_H18	Plate14_L6	Plate13_L18	Plate12_P6	Plate11_P18	Plate11_D6	Plate10_D18	Plate9_H6	Plate8_H18	Plate7_L6	Plate6_L18	Plate5_P6	Plate4_P18	Plate4_D6	Plate3_D18	Plate2_H6	Plate1_H18	Plate18_P17	Plate18_D5	Plate17_D17	Plate16_H5	Plate15_H17	Plate14_L5	Plate13_L17	Plate12_P5	Plate11_P17	Plate11_D5	Plate10_D17	Plate9_H5	Plate8_H17	Plate7_L5	Plate6_L17	Plate5_P5	Plate4_P17	Plate4_D5	Plate3_D17	Plate2_H5	Plate1_H17
Plate18_P24	Plate18_D12	Plate17_D24	Plate16_H12	Plate15_H24	Plate14_L12	Plate13_L24	Plate12_P12	Plate11_P24	Plate11_D12	Plate10_D24	Plate9_H12	Plate8_H24	Plate7_L12	Plate6_L24	Plate5_P12	Plate4_P24	Plate4_D12	Plate3_D24	Plate2_H12	Plate1_H24	Plate18_P23	Plate18_D11	Plate17_D23	Plate16_H11	Plate15_H23	Plate14_L11	Plate13_L23	Plate12_P11	Plate11_P23	Plate11_D11	Plate10_D23	Plate9_H11	Plate8_H23	Plate7_L11	Plate6_L23	Plate5_P11	Plate4_P23	Plate4_D11	Plate3_D23	Plate2_H11	Plate1_H23	Plate18_P22	Plate18_D10	Plate17_D22	Plate16_H10	Plate15_H22	Plate14_L10	Plate13_L22	Plate12_P10	Plate11_P22	Plate11_D10	Plate10_D22	Plate9_H10	Plate8_H22	Plate7_L10	Plate6_L22	Plate5_P10	Plate4_P22	Plate4_D10	Plate3_D22	Plate2_H10	Plate1_H22	Plate18_P21	Plate18_D9	Plate17_D21	Plate16_H9	Plate15_H21	Plate14_L9	Plate13_L21	Plate12_P9	Plate11_P21	Plate11_D9	Plate10_D21	Plate9_H9	Plate8_H21	Plate7_L9	Plate6_L21	Plate5_P9	Plate4_P21	Plate4_D9	Plate3_D21	Plate2_H9	Plate1_H21
Plate19_D4	Plate18_D16	Plate17_H4	Plate16_H16	Plate15_L4	Plate14_L16	Plate13_P4	Plate12_P16	Plate12_D4	Plate11_D16	Plate10_H4	Plate9_H16	Plate8_L4	Plate7_L16	Plate6_P4	Plate5_P16	Plate5_D4	Plate4_D16	Plate3_H4	Plate2_H16	Plate1_L4	Plate19_D3	Plate18_D15	Plate17_H3	Plate16_H15	Plate15_L3	Plate14_L15	Plate13_P3	Plate12_P15	Plate12_D3	Plate11_D15	Plate10_H3	Plate9_H15	Plate8_L3	Plate7_L15	Plate6_P3	Plate5_P15	Plate5_D3	Plate4_D15	Plate3_H3	Plate2_H15	Plate1_L3	Plate19_D2	Plate18_D14	Plate17_H2	Plate16_H14	Plate15_L2	Plate14_L14	Plate13_P2	Plate12_P14	Plate12_D2	Plate11_D14	Plate10_H2	Plate9_H14	Plate8_L2	Plate7_L14	Plate6_P2	Plate5_P14	Plate5_D2	Plate4_D14	Plate3_H2	Plate2_H14	Plate1_L2	Plate19_D1	Plate18_D13	Plate17_H1	Plate16_H13	Plate15_L1	Plate14_L13	Plate13_P1	Plate12_P13	Plate12_D1	Plate11_D13	Plate10_H1	Plate9_H13	Plate8_L1	Plate7_L13	Plate6_P1	Plate5_P13	Plate5_D1	Plate4_D13	Plate3_H1	Plate2_H13	Plate1_L1
Plate19_D8	Plate18_D20	Plate17_H8	Plate16_H20	Plate15_L8	Plate14_L20	Plate13_P8	Plate12_P20	Plate12_D8	Plate11_D20	Plate10_H8	Plate9_H20	Plate8_L8	Plate7_L20	Plate6_P8	Plate5_P20	Plate5_D8	Plate4_D20	Plate3_H8	Plate2_H20	Plate1_L8	Plate19_D7	Plate18_D19	Plate17_H7	Plate16_H19	Plate15_L7	Plate14_L19	Plate13_P7	Plate12_P19	Plate12_D7	Plate11_D19	Plate10_H7	Plate9_H19	Plate8_L7	Plate7_L19	Plate6_P7	Plate5_P19	Plate5_D7	Plate4_D19	Plate3_H7	Plate2_H19	Plate1_L7	Plate19_D6	Plate18_D18	Plate17_H6	Plate16_H18	Plate15_L6	Plate14_L18	Plate13_P6	Plate12_P18	Plate12_D6	Plate11_D18	Plate10_H6	Plate9_H18	Plate8_L6	Plate7_L18	Plate6_P6	Plate5_P18	Plate5_D6	Plate4_D18	Plate3_H6	Plate2_H18	Plate1_L6	Plate19_D5	Plate18_D17	Plate17_H5	Plate16_H17	Plate15_L5	Plate14_L17	Plate13_P5	Plate12_P17	Plate12_D5	Plate11_D17	Plate10_H5	Plate9_H17	Plate8_L5	Plate7_L17	Plate6_P5	Plate5_P17	Plate5_D5	Plate4_D17	Plate3_H5	Plate2_H17	Plate1_L5
Plate19_D12	Plate18_D24	Plate17_H12	Plate16_H24	Plate15_L12	Plate14_L24	Plate13_P12	Plate12_P24	Plate12_D12	Plate11_D24	Plate10_H12	Plate9_H24	Plate8_L12	Plate7_L24	Plate6_P12	Plate5_P24	Plate5_D12	Plate4_D24	Plate3_H12	Plate2_H24	Plate1_L12	Plate19_D11	Plate18_D23	Plate17_H11	Plate16_H23	Plate15_L11	Plate14_L23	Plate13_P11	Plate12_P23	Plate12_D11	Plate11_D23	Plate10_H11	Plate9_H23	Plate8_L11	Plate7_L23	Plate6_P11	Plate5_P23	Plate5_D11	Plate4_D23	Plate3_H11	Plate2_H23	Plate1_L11	Plate19_D10	Plate18_D22	Plate17_H10	Plate16_H22	Plate15_L10	Plate14_L22	Plate13_P10	Plate12_P22	Plate12_D10	Plate11_D22	Plate10_H10	Plate9_H22	Plate8_L10	Plate7_L22	Plate6_P10	Plate5_P22	Plate5_D10	Plate4_D22	Plate3_H10	Plate2_H22	Plate1_L10	Plate19_D9	Plate18_D21	Plate17_H9	Plate16_H21	Plate15_L9	Plate14_L21	Plate13_P9	Plate12_P21	Plate12_D9	Plate11_D21	Plate10_H9	Plate9_H21	Plate8_L9	Plate7_L21	Plate6_P9	Plate5_P21	Plate5_D9	Plate4_D21	Plate3_H9	Plate2_H21	Plate1_L9
Plate19_D16	Plate18_H4	Plate17_H16	Plate16_L4	Plate15_L16	Plate14_P4	Plate13_P16	Plate13_D4	Plate12_D16	Plate11_H4	Plate10_H16	Plate9_L4	Plate8_L16	Plate7_P4	Plate6_P16	Plate6_D4	Plate5_D16	Plate4_H4	Plate3_H16	Plate2_L4	Plate1_L16	Plate19_D15	Plate18_H3	Plate17_H15	Plate16_L3	Plate15_L15	Plate14_P3	Plate13_P15	Plate13_D3	Plate12_D15	Plate11_H3	Plate10_H15	Plate9_L3	Plate8_L15	Plate7_P3	Plate6_P15	Plate6_D3	Plate5_D15	Plate4_H3	Plate3_H15	Plate2_L3	Plate1_L15	Plate19_D14	Plate18_H2	Plate17_H14	Plate16_L2	Plate15_L14	Plate14_P2	Plate13_P14	Plate13_D2	Plate12_D14	Plate11_H2	Plate10_H14	Plate9_L2	Plate8_L14	Plate7_P2	Plate6_P14	Plate6_D2	Plate5_D14	Plate4_H2	Plate3_H14	Plate2_L2	Plate1_L14	Plate19_D13	Plate18_H1	Plate17_H13	Plate16_L1	Plate15_L13	Plate14_P1	Plate13_P13	Plate13_D1	Plate12_D13	Plate11_H1	Plate10_H13	Plate9_L1	Plate8_L13	Plate7_P1	Plate6_P13	Plate6_D1	Plate5_D13	Plate4_H1	Plate3_H13	Plate2_L1	Plate1_L13
Plate19_D20	Plate18_H8	Plate17_H20	Plate16_L8	Plate15_L20	Plate14_P8	Plate13_P20	Plate13_D8	Plate12_D20	Plate11_H8	Plate10_H20	Plate9_L8	Plate8_L20	Plate7_P8	Plate6_P20	Plate6_D8	Plate5_D20	Plate4_H8	Plate3_H20	Plate2_L8	Plate1_L20	Plate19_D19	Plate18_H7	Plate17_H19	Plate16_L7	Plate15_L19	Plate14_P7	Plate13_P19	Plate13_D7	Plate12_D19	Plate11_H7	Plate10_H19	Plate9_L7	Plate8_L19	Plate7_P7	Plate6_P19	Plate6_D7	Plate5_D19	Plate4_H7	Plate3_H19	Plate2_L7	Plate1_L19	Plate19_D18	Plate18_H6	Plate17_H18	Plate16_L6	Plate15_L18	Plate14_P6	Plate13_P18	Plate13_D6	Plate12_D18	Plate11_H6	Plate10_H18	Plate9_L6	Plate8_L18	Plate7_P6	Plate6_P18	Plate6_D6	Plate5_D18	Plate4_H6	Plate3_H18	Plate2_L6	Plate1_L18	Plate19_D17	Plate18_H5	Plate17_H17	Plate16_L5	Plate15_L17	Plate14_P5	Plate13_P17	Plate13_D5	Plate12_D17	Plate11_H5	Plate10_H17	Plate9_L5	Plate8_L17	Plate7_P5	Plate6_P17	Plate6_D5	Plate5_D17	Plate4_H5	Plate3_H17	Plate2_L5	Plate1_L17
Plate19_D24	Plate18_H12	Plate17_H24	Plate16_L12	Plate15_L24	Plate14_P12	Plate13_P24	Plate13_D12	Plate12_D24	Plate11_H12	Plate10_H24	Plate9_L12	Plate8_L24	Plate7_P12	Plate6_P24	Plate6_D12	Plate5_D24	Plate4_H12	Plate3_H24	Plate2_L12	Plate1_L24	Plate19_D23	Plate18_H11	Plate17_H23	Plate16_L11	Plate15_L23	Plate14_P11	Plate13_P23	Plate13_D11	Plate12_D23	Plate11_H11	Plate10_H23	Plate9_L11	Plate8_L23	Plate7_P11	Plate6_P23	Plate6_D11	Plate5_D23	Plate4_H11	Plate3_H23	Plate2_L11	Plate1_L23	Plate19_D22	Plate18_H10	Plate17_H22	Plate16_L10	Plate15_L22	Plate14_P10	Plate13_P22	Plate13_D10	Plate12_D22	Plate11_H10	Plate10_H22	Plate9_L10	Plate8_L22	Plate7_P10	Plate6_P22	Plate6_D10	Plate5_D22	Plate4_H10	Plate3_H22	Plate2_L10	Plate1_L22	Plate19_D21	Plate18_H9	Plate17_H21	Plate16_L9	Plate15_L21	Plate14_P9	Plate13_P21	Plate13_D9	Plate12_D21	Plate11_H9	Plate10_H21	Plate9_L9	Plate8_L21	Plate7_P9	Plate6_P21	Plate6_D9	Plate5_D21	Plate4_H9	Plate3_H21	Plate2_L9	Plate1_L21
Plate19_H4	Plate18_H16	Plate17_L4	Plate16_L16	Plate15_P4	Plate14_P16	Plate14_D4	Plate13_D16	Plate12_H4	Plate11_H16	Plate10_L4	Plate9_L16	Plate8_P4	Plate7_P16	Plate7_D4	Plate6_D16	Plate5_H4	Plate4_H16	Plate3_L4	Plate2_L16	Plate1_P4	Plate19_H3	Plate18_H15	Plate17_L3	Plate16_L15	Plate15_P3	Plate14_P15	Plate14_D3	Plate13_D15	Plate12_H3	Plate11_H15	Plate10_L3	Plate9_L15	Plate8_P3	Plate7_P15	Plate7_D3	Plate6_D15	Plate5_H3	Plate4_H15	Plate3_L3	Plate2_L15	Plate1_P3	Plate19_H2	Plate18_H14	Plate17_L2	Plate16_L14	Plate15_P2	Plate14_P14	Plate14_D2	Plate13_D14	Plate12_H2	Plate11_H14	Plate10_L2	Plate9_L14	Plate8_P2	Plate7_P14	Plate7_D2	Plate6_D14	Plate5_H2	Plate4_H14	Plate3_L2	Plate2_L14	Plate1_P2	Plate19_H1	Plate18_H13	Plate17_L1	Plate16_L13	Plate15_P1	Plate14_P13	Plate14_D1	Plate13_D13	Plate12_H1	Plate11_H13	Plate10_L1	Plate9_L13	Plate8_P1	Plate7_P13	Plate7_D1	Plate6_D13	Plate5_H1	Plate4_H13	Plate3_L1	Plate2_L13	Plate1_P1
Plate19_H8	Plate18_H20	Plate17_L8	Plate16_L20	Plate15_P8	Plate14_P20	Plate14_D8	Plate13_D20	Plate12_H8	Plate11_H20	Plate10_L8	Plate9_L20	Plate8_P8	Plate7_P20	Plate7_D8	Plate6_D20	Plate5_H8	Plate4_H20	Plate3_L8	Plate2_L20	Plate1_P8	Plate19_H7	Plate18_H19	Plate17_L7	Plate16_L19	Plate15_P7	Plate14_P19	Plate14_D7	Plate13_D19	Plate12_H7	Plate11_H19	Plate10_L7	Plate9_L19	Plate8_P7	Plate7_P19	Plate7_D7	Plate6_D19	Plate5_H7	Plate4_H19	Plate3_L7	Plate2_L19	Plate1_P7	Plate19_H6	Plate18_H18	Plate17_L6	Plate16_L18	Plate15_P6	Plate14_P18	Plate14_D6	Plate13_D18	Plate12_H6	Plate11_H18	Plate10_L6	Plate9_L18	Plate8_P6	Plate7_P18	Plate7_D6	Plate6_D18	Plate5_H6	Plate4_H18	Plate3_L6	Plate2_L18	Plate1_P6	Plate19_H5	Plate18_H17	Plate17_L5	Plate16_L17	Plate15_P5	Plate14_P17	Plate14_D5	Plate13_D17	Plate12_H5	Plate11_H17	Plate10_L5	Plate9_L17	Plate8_P5	Plate7_P17	Plate7_D5	Plate6_D17	Plate5_H5	Plate4_H17	Plate3_L5	Plate2_L17	Plate1_P5
Plate19_H12	Plate18_H24	Plate17_L12	Plate16_L24	Plate15_P12	Plate14_P24	Plate14_D12	Plate13_D24	Plate12_H12	Plate11_H24	Plate10_L12	Plate9_L24	Plate8_P12	Plate7_P24	Plate7_D12	Plate6_D24	Plate5_H12	Plate4_H24	Plate3_L12	Plate2_L24	Plate1_P12	Plate19_H11	Plate18_H23	Plate17_L11	Plate16_L23	Plate15_P11	Plate14_P23	Plate14_D11	Plate13_D23	Plate12_H11	Plate11_H23	Plate10_L11	Plate9_L23	Plate8_P11	Plate7_P23	Plate7_D11	Plate6_D23	Plate5_H11	Plate4_H23	Plate3_L11	Plate2_L23	Plate1_P11	Plate19_H10	Plate18_H22	Plate17_L10	Plate16_L22	Plate15_P10	Plate14_P22	Plate14_D10	Plate13_D22	Plate12_H10	Plate11_H22	Plate10_L10	Plate9_L22	Plate8_P10	Plate7_P22	Plate7_D10	Plate6_D22	Plate5_H10	Plate4_H22	Plate3_L10	Plate2_L22	Plate1_P10	Plate19_H9	Plate18_H21	Plate17_L9	Plate16_L21	Plate15_P9	Plate14_P21	Plate14_D9	Plate13_D21	Plate12_H9	Plate11_H21	Plate10_L9	Plate9_L21	Plate8_P9	Plate7_P21	Plate7_D9	Plate6_D21	Plate5_H9	Plate4_H21	Plate3_L9	Plate2_L21	Plate1_P9
Plate18_K4	Plate17_K16	Plate16_O4	Plate15_O16	Plate15_C4	Plate14_C16	Plate13_G4	Plate12_G16	Plate11_K4	Plate10_K16	Plate9_O4	Plate8_O16	Plate8_C4	Plate7_C16	Plate6_G4	Plate5_G16	Plate4_K4	Plate3_K16	Plate2_O4	Plate1_O16	Plate1_C4	Plate18_K3	Plate17_K15	Plate16_O3	Plate15_O15	Plate15_C3	Plate14_C15	Plate13_G3	Plate12_G15	Plate11_K3	Plate10_K15	Plate9_O3	Plate8_O15	Plate8_C3	Plate7_C15	Plate6_G3	Plate5_G15	Plate4_K3	Plate3_K15	Plate2_O3	Plate1_O15	Plate1_C3	Plate18_K2	Plate17_K14	Plate16_O2	Plate15_O14	Plate15_C2	Plate14_C14	Plate13_G2	Plate12_G14	Plate11_K2	Plate10_K14	Plate9_O2	Plate8_O14	Plate8_C2	Plate7_C14	Plate6_G2	Plate5_G14	Plate4_K2	Plate3_K14	Plate2_O2	Plate1_O14	Plate1_C2	Plate18_K1	Plate17_K13	Plate16_O1	Plate15_O13	Plate15_C1	Plate14_C13	Plate13_G1	Plate12_G13	Plate11_K1	Plate10_K13	Plate9_O1	Plate8_O13	Plate8_C1	Plate7_C13	Plate6_G1	Plate5_G13	Plate4_K1	Plate3_K13	Plate2_O1	Plate1_O13	Plate1_C1
Plate18_K8	Plate17_K20	Plate16_O8	Plate15_O20	Plate15_C8	Plate14_C20	Plate13_G8	Plate12_G20	Plate11_K8	Plate10_K20	Plate9_O8	Plate8_O20	Plate8_C8	Plate7_C20	Plate6_G8	Plate5_G20	Plate4_K8	Plate3_K20	Plate2_O8	Plate1_O20	Plate1_C8	Plate18_K7	Plate17_K19	Plate16_O7	Plate15_O19	Plate15_C7	Plate14_C19	Plate13_G7	Plate12_G19	Plate11_K7	Plate10_K19	Plate9_O7	Plate8_O19	Plate8_C7	Plate7_C19	Plate6_G7	Plate5_G19	Plate4_K7	Plate3_K19	Plate2_O7	Plate1_O19	Plate1_C7	Plate18_K6	Plate17_K18	Plate16_O6	Plate15_O18	Plate15_C6	Plate14_C18	Plate13_G6	Plate12_G18	Plate11_K6	Plate10_K18	Plate9_O6	Plate8_O18	Plate8_C6	Plate7_C18	Plate6_G6	Plate5_G18	Plate4_K6	Plate3_K18	Plate2_O6	Plate1_O18	Plate1_C6	Plate18_K5	Plate17_K17	Plate16_O5	Plate15_O17	Plate15_C5	Plate14_C17	Plate13_G5	Plate12_G17	Plate11_K5	Plate10_K17	Plate9_O5	Plate8_O17	Plate8_C5	Plate7_C17	Plate6_G5	Plate5_G17	Plate4_K5	Plate3_K17	Plate2_O5	Plate1_O17	Plate1_C5
Plate18_K12	Plate17_K24	Plate16_O12	Plate15_O24	Plate15_C12	Plate14_C24	Plate13_G12	Plate12_G24	Plate11_K12	Plate10_K24	Plate9_O12	Plate8_O24	Plate8_C12	Plate7_C24	Plate6_G12	Plate5_G24	Plate4_K12	Plate3_K24	Plate2_O12	Plate1_O24	Plate1_C12	Plate18_K11	Plate17_K23	Plate16_O11	Plate15_O23	Plate15_C11	Plate14_C23	Plate13_G11	Plate12_G23	Plate11_K11	Plate10_K23	Plate9_O11	Plate8_O23	Plate8_C11	Plate7_C23	Plate6_G11	Plate5_G23	Plate4_K11	Plate3_K23	Plate2_O11	Plate1_O23	Plate1_C11	Plate18_K10	Plate17_K22	Plate16_O10	Plate15_O22	Plate15_C10	Plate14_C22	Plate13_G10	Plate12_G22	Plate11_K10	Plate10_K22	Plate9_O10	Plate8_O22	Plate8_C10	Plate7_C22	Plate6_G10	Plate5_G22	Plate4_K10	Plate3_K22	Plate2_O10	Plate1_O22	Plate1_C10	Plate18_K9	Plate17_K21	Plate16_O9	Plate15_O21	Plate15_C9	Plate14_C21	Plate13_G9	Plate12_G21	Plate11_K9	Plate10_K21	Plate9_O9	Plate8_O21	Plate8_C9	Plate7_C21	Plate6_G9	Plate5_G21	Plate4_K9	Plate3_K21	Plate2_O9	Plate1_O21	Plate1_C9
Plate18_K16	Plate17_O4	Plate16_O16	Plate16_C4	Plate15_C16	Plate14_G4	Plate13_G16	Plate12_K4	Plate11_K16	Plate10_O4	Plate9_O16	Plate9_C4	Plate8_C16	Plate7_G4	Plate6_G16	Plate5_K4	Plate4_K16	Plate3_O4	Plate2_O16	Plate2_C4	Plate1_C16	Plate18_K15	Plate17_O3	Plate16_O15	Plate16_C3	Plate15_C15	Plate14_G3	Plate13_G15	Plate12_K3	Plate11_K15	Plate10_O3	Plate9_O15	Plate9_C3	Plate8_C15	Plate7_G3	Plate6_G15	Plate5_K3	Plate4_K15	Plate3_O3	Plate2_O15	Plate2_C3	Plate1_C15	Plate18_K14	Plate17_O2	Plate16_O14	Plate16_C2	Plate15_C14	Plate14_G2	Plate13_G14	Plate12_K2	Plate11_K14	Plate10_O2	Plate9_O14	Plate9_C2	Plate8_C14	Plate7_G2	Plate6_G14	Plate5_K2	Plate4_K14	Plate3_O2	Plate2_O14	Plate2_C2	Plate1_C14	Plate18_K13	Plate17_O1	Plate16_O13	Plate16_C1	Plate15_C13	Plate14_G1	Plate13_G13	Plate12_K1	Plate11_K13	Plate10_O1	Plate9_O13	Plate9_C1	Plate8_C13	Plate7_G1	Plate6_G13	Plate5_K1	Plate4_K13	Plate3_O1	Plate2_O13	Plate2_C1	Plate1_C13
Plate18_K20	Plate17_O8	Plate16_O20	Plate16_C8	Plate15_C20	Plate14_G8	Plate13_G20	Plate12_K8	Plate11_K20	Plate10_O8	Plate9_O20	Plate9_C8	Plate8_C20	Plate7_G8	Plate6_G20	Plate5_K8	Plate4_K20	Plate3_O8	Plate2_O20	Plate2_C8	Plate1_C20	Plate18_K19	Plate17_O7	Plate16_O19	Plate16_C7	Plate15_C19	Plate14_G7	Plate13_G19	Plate12_K7	Plate11_K19	Plate10_O7	Plate9_O19	Plate9_C7	Plate8_C19	Plate7_G7	Plate6_G19	Plate5_K7	Plate4_K19	Plate3_O7	Plate2_O19	Plate2_C7	Plate1_C19	Plate18_K18	Plate17_O6	Plate16_O18	Plate16_C6	Plate15_C18	Plate14_G6	Plate13_G18	Plate12_K6	Plate11_K18	Plate10_O6	Plate9_O18	Plate9_C6	Plate8_C18	Plate7_G6	Plate6_G18	Plate5_K6	Plate4_K18	Plate3_O6	Plate2_O18	Plate2_C6	Plate1_C18	Plate18_K17	Plate17_O5	Plate16_O17	Plate16_C5	Plate15_C17	Plate14_G5	Plate13_G17	Plate12_K5	Plate11_K17	Plate10_O5	Plate9_O17	Plate9_C5	Plate8_C17	Plate7_G5	Plate6_G17	Plate5_K5	Plate4_K17	Plate3_O5	Plate2_O17	Plate2_C5	Plate1_C17
Plate18_K24	Plate17_O12	Plate16_O24	Plate16_C12	Plate15_C24	Plate14_G12	Plate13_G24	Plate12_K12	Plate11_K24	Plate10_O12	Plate9_O24	Plate9_C12	Plate8_C24	Plate7_G12	Plate6_G24	Plate5_K12	Plate4_K24	Plate3_O12	Plate2_O24	Plate2_C12	Plate1_C24	Plate18_K23	Plate17_O11	Plate16_O23	Plate16_C11	Plate15_C23	Plate14_G11	Plate13_G23	Plate12_K11	Plate11_K23	Plate10_O11	Plate9_O23	Plate9_C11	Plate8_C23	Plate7_G11	Plate6_G23	Plate5_K11	Plate4_K23	Plate3_O11	Plate2_O23	Plate2_C11	Plate1_C23	Plate18_K22	Plate17_O10	Plate16_O22	Plate16_C10	Plate15_C22	Plate14_G10	Plate13_G22	Plate12_K10	Plate11_K22	Plate10_O10	Plate9_O22	Plate9_C10	Plate8_C22	Plate7_G10	Plate6_G22	Plate5_K10	Plate4_K22	Plate3_O10	Plate2_O22	Plate2_C10	Plate1_C22	Plate18_K21	Plate17_O9	Plate16_O21	Plate16_C9	Plate15_C21	Plate14_G9	Plate13_G21	Plate12_K9	Plate11_K21	Plate10_O9	Plate9_O21	Plate9_C9	Plate8_C21	Plate7_G9	Plate6_G21	Plate5_K9	Plate4_K21	Plate3_O9	Plate2_O21	Plate2_C9	Plate1_C21
Plate18_O4	Plate17_O16	Plate17_C4	Plate16_C16	Plate15_G4	Plate14_G16	Plate13_K4	Plate12_K16	Plate11_O4	Plate10_O16	Plate10_C4	Plate9_C16	Plate8_G4	Plate7_G16	Plate6_K4	Plate5_K16	Plate4_O4	Plate3_O16	Plate3_C4	Plate2_C16	Plate1_G4	Plate18_O3	Plate17_O15	Plate17_C3	Plate16_C15	Plate15_G3	Plate14_G15	Plate13_K3	Plate12_K15	Plate11_O3	Plate10_O15	Plate10_C3	Plate9_C15	Plate8_G3	Plate7_G15	Plate6_K3	Plate5_K15	Plate4_O3	Plate3_O15	Plate3_C3	Plate2_C15	Plate1_G3	Plate18_O2	Plate17_O14	Plate17_C2	Plate16_C14	Plate15_G2	Plate14_G14	Plate13_K2	Plate12_K14	Plate11_O2	Plate10_O14	Plate10_C2	Plate9_C14	Plate8_G2	Plate7_G14	Plate6_K2	Plate5_K14	Plate4_O2	Plate3_O14	Plate3_C2	Plate2_C14	Plate1_G2	Plate18_O1	Plate17_O13	Plate17_C1	Plate16_C13	Plate15_G1	Plate14_G13	Plate13_K1	Plate12_K13	Plate11_O1	Plate10_O13	Plate10_C1	Plate9_C13	Plate8_G1	Plate7_G13	Plate6_K1	Plate5_K13	Plate4_O1	Plate3_O13	Plate3_C1	Plate2_C13	Plate1_G1
Plate18_O8	Plate17_O20	Plate17_C8	Plate16_C20	Plate15_G8	Plate14_G20	Plate13_K8	Plate12_K20	Plate11_O8	Plate10_O20	Plate10_C8	Plate9_C20	Plate8_G8	Plate7_G20	Plate6_K8	Plate5_K20	Plate4_O8	Plate3_O20	Plate3_C8	Plate2_C20	Plate1_G8	Plate18_O7	Plate17_O19	Plate17_C7	Plate16_C19	Plate15_G7	Plate14_G19	Plate13_K7	Plate12_K19	Plate11_O7	Plate10_O19	Plate10_C7	Plate9_C19	Plate8_G7	Plate7_G19	Plate6_K7	Plate5_K19	Plate4_O7	Plate3_O19	Plate3_C7	Plate2_C19	Plate1_G7	Plate18_O6	Plate17_O18	Plate17_C6	Plate16_C18	Plate15_G6	Plate14_G18	Plate13_K6	Plate12_K18	Plate11_O6	Plate10_O18	Plate10_C6	Plate9_C18	Plate8_G6	Plate7_G18	Plate6_K6	Plate5_K18	Plate4_O6	Plate3_O18	Plate3_C6	Plate2_C18	Plate1_G6	Plate18_O5	Plate17_O17	Plate17_C5	Plate16_C17	Plate15_G5	Plate14_G17	Plate13_K5	Plate12_K17	Plate11_O5	Plate10_O17	Plate10_C5	Plate9_C17	Plate8_G5	Plate7_G17	Plate6_K5	Plate5_K17	Plate4_O5	Plate3_O17	Plate3_C5	Plate2_C17	Plate1_G5
Plate18_O12	Plate17_O24	Plate17_C12	Plate16_C24	Plate15_G12	Plate14_G24	Plate13_K12	Plate12_K24	Plate11_O12	Plate10_O24	Plate10_C12	Plate9_C24	Plate8_G12	Plate7_G24	Plate6_K12	Plate5_K24	Plate4_O12	Plate3_O24	Plate3_C12	Plate2_C24	Plate1_G12	Plate18_O11	Plate17_O23	Plate17_C11	Plate16_C23	Plate15_G11	Plate14_G23	Plate13_K11	Plate12_K23	Plate11_O11	Plate10_O23	Plate10_C11	Plate9_C23	Plate8_G11	Plate7_G23	Plate6_K11	Plate5_K23	Plate4_O11	Plate3_O23	Plate3_C11	Plate2_C23	Plate1_G11	Plate18_O10	Plate17_O22	Plate17_C10	Plate16_C22	Plate15_G10	Plate14_G22	Plate13_K10	Plate12_K22	Plate11_O10	Plate10_O22	Plate10_C10	Plate9_C22	Plate8_G10	Plate7_G22	Plate6_K10	Plate5_K22	Plate4_O10	Plate3_O22	Plate3_C10	Plate2_C22	Plate1_G10	Plate18_O9	Plate17_O21	Plate17_C9	Plate16_C21	Plate15_G9	Plate14_G21	Plate13_K9	Plate12_K21	Plate11_O9	Plate10_O21	Plate10_C9	Plate9_C21	Plate8_G9	Plate7_G21	Plate6_K9	Plate5_K21	Plate4_O9	Plate3_O21	Plate3_C9	Plate2_C21	Plate1_G9
Plate18_O16	Plate18_C4	Plate17_C16	Plate16_G4	Plate15_G16	Plate14_K4	Plate13_K16	Plate12_O4	Plate11_O16	Plate11_C4	Plate10_C16	Plate9_G4	Plate8_G16	Plate7_K4	Plate6_K16	Plate5_O4	Plate4_O16	Plate4_C4	Plate3_C16	Plate2_G4	Plate1_G16	Plate18_O15	Plate18_C3	Plate17_C15	Plate16_G3	Plate15_G15	Plate14_K3	Plate13_K15	Plate12_O3	Plate11_O15	Plate11_C3	Plate10_C15	Plate9_G3	Plate8_G15	Plate7_K3	Plate6_K15	Plate5_O3	Plate4_O15	Plate4_C3	Plate3_C15	Plate2_G3	Plate1_G15	Plate18_O14	Plate18_C2	Plate17_C14	Plate16_G2	Plate15_G14	Plate14_K2	Plate13_K14	Plate12_O2	Plate11_O14	Plate11_C2	Plate10_C14	Plate9_G2	Plate8_G14	Plate7_K2	Plate6_K14	Plate5_O2	Plate4_O14	Plate4_C2	Plate3_C14	Plate2_G2	Plate1_G14	Plate18_O13	Plate18_C1	Plate17_C13	Plate16_G1	Plate15_G13	Plate14_K1	Plate13_K13	Plate12_O1	Plate11_O13	Plate11_C1	Plate10_C13	Plate9_G1	Plate8_G13	Plate7_K1	Plate6_K13	Plate5_O1	Plate4_O13	Plate4_C1	Plate3_C13	Plate2_G1	Plate1_G13
Plate18_O20	Plate18_C8	Plate17_C20	Plate16_G8	Plate15_G20	Plate14_K8	Plate13_K20	Plate12_O8	Plate11_O20	Plate11_C8	Plate10_C20	Plate9_G8	Plate8_G20	Plate7_K8	Plate6_K20	Plate5_O8	Plate4_O20	Plate4_C8	Plate3_C20	Plate2_G8	Plate1_G20	Plate18_O19	Plate18_C7	Plate17_C19	Plate16_G7	Plate15_G19	Plate14_K7	Plate13_K19	Plate12_O7	Plate11_O19	Plate11_C7	Plate10_C19	Plate9_G7	Plate8_G19	Plate7_K7	Plate6_K19	Plate5_O7	Plate4_O19	Plate4_C7	Plate3_C19	Plate2_G7	Plate1_G19	Plate18_O18	Plate18_C6	Plate17_C18	Plate16_G6	Plate15_G18	Plate14_K6	Plate13_K18	Plate12_O6	Plate11_O18	Plate11_C6	Plate10_C18	Plate9_G6	Plate8_G18	Plate7_K6	Plate6_K18	Plate5_O6	Plate4_O18	Plate4_C6	Plate3_C18	Plate2_G6	Plate1_G18	Plate18_O17	Plate18_C5	Plate17_C17	Plate16_G5	Plate15_G17	Plate14_K5	Plate13_K17	Plate12_O5	Plate11_O17	Plate11_C5	Plate10_C17	Plate9_G5	Plate8_G17	Plate7_K5	Plate6_K17	Plate5_O5	Plate4_O17	Plate4_C5	Plate3_C17	Plate2_G5	Plate1_G17
Plate18_O24	Plate18_C12	Plate17_C24	Plate16_G12	Plate15_G24	Plate14_K12	Plate13_K24	Plate12_O12	Plate11_O24	Plate11_C12	Plate10_C24	Plate9_G12	Plate8_G24	Plate7_K12	Plate6_K24	Plate5_O12	Plate4_O24	Plate4_C12	Plate3_C24	Plate2_G12	Plate1_G24	Plate18_O23	Plate18_C11	Plate17_C23	Plate16_G11	Plate15_G23	Plate14_K11	Plate13_K23	Plate12_O11	Plate11_O23	Plate11_C11	Plate10_C23	Plate9_G11	Plate8_G23	Plate7_K11	Plate6_K23	Plate5_O11	Plate4_O23	Plate4_C11	Plate3_C23	Plate2_G11	Plate1_G23	Plate18_O22	Plate18_C10	Plate17_C22	Plate16_G10	Plate15_G22	Plate14_K10	Plate13_K22	Plate12_O10	Plate11_O22	Plate11_C10	Plate10_C22	Plate9_G10	Plate8_G22	Plate7_K10	Plate6_K22	Plate5_O10	Plate4_O22	Plate4_C10	Plate3_C22	Plate2_G10	Plate1_G22	Plate18_O21	Plate18_C9	Plate17_C21	Plate16_G9	Plate15_G21	Plate14_K9	Plate13_K21	Plate12_O9	Plate11_O21	Plate11_C9	Plate10_C21	Plate9_G9	Plate8_G21	Plate7_K9	Plate6_K21	Plate5_O9	Plate4_O21	Plate4_C9	Plate3_C21	Plate2_G9	Plate1_G21
Plate19_C4	Plate18_C16	Plate17_G4	Plate16_G16	Plate15_K4	Plate14_K16	Plate13_O4	Plate12_O16	Plate12_C4	Plate11_C16	Plate10_G4	Plate9_G16	Plate8_K4	Plate7_K16	Plate6_O4	Plate5_O16	Plate5_C4	Plate4_C16	Plate3_G4	Plate2_G16	Plate1_K4	Plate19_C3	Plate18_C15	Plate17_G3	Plate16_G15	Plate15_K3	Plate14_K15	Plate13_O3	Plate12_O15	Plate12_C3	Plate11_C15	Plate10_G3	Plate9_G15	Plate8_K3	Plate7_K15	Plate6_O3	Plate5_O15	Plate5_C3	Plate4_C15	Plate3_G3	Plate2_G15	Plate1_K3	Plate19_C2	Plate18_C14	Plate17_G2	Plate16_G14	Plate15_K2	Plate14_K14	Plate13_O2	Plate12_O14	Plate12_C2	Plate11_C14	Plate10_G2	Plate9_G14	Plate8_K2	Plate7_K14	Plate6_O2	Plate5_O14	Plate5_C2	Plate4_C14	Plate3_G2	Plate2_G14	Plate1_K2	Plate19_C1	Plate18_C13	Plate17_G1	Plate16_G13	Plate15_K1	Plate14_K13	Plate13_O1	Plate12_O13	Plate12_C1	Plate11_C13	Plate10_G1	Plate9_G13	Plate8_K1	Plate7_K13	Plate6_O1	Plate5_O13	Plate5_C1	Plate4_C13	Plate3_G1	Plate2_G13	Plate1_K1
Plate19_C8	Plate18_C20	Plate17_G8	Plate16_G20	Plate15_K8	Plate14_K20	Plate13_O8	Plate12_O20	Plate12_C8	Plate11_C20	Plate10_G8	Plate9_G20	Plate8_K8	Plate7_K20	Plate6_O8	Plate5_O20	Plate5_C8	Plate4_C20	Plate3_G8	Plate2_G20	Plate1_K8	Plate19_C7	Plate18_C19	Plate17_G7	Plate16_G19	Plate15_K7	Plate14_K19	Plate13_O7	Plate12_O19	Plate12_C7	Plate11_C19	Plate10_G7	Plate9_G19	Plate8_K7	Plate7_K19	Plate6_O7	Plate5_O19	Plate5_C7	Plate4_C19	Plate3_G7	Plate2_G19	Plate1_K7	Plate19_C6	Plate18_C18	Plate17_G6	Plate16_G18	Plate15_K6	Plate14_K18	Plate13_O6	Plate12_O18	Plate12_C6	Plate11_C18	Plate10_G6	Plate9_G18	Plate8_K6	Plate7_K18	Plate6_O6	Plate5_O18	Plate5_C6	Plate4_C18	Plate3_G6	Plate2_G18	Plate1_K6	Plate19_C5	Plate18_C17	Plate17_G5	Plate16_G17	Plate15_K5	Plate14_K17	Plate13_O5	Plate12_O17	Plate12_C5	Plate11_C17	Plate10_G5	Plate9_G17	Plate8_K5	Plate7_K17	Plate6_O5	Plate5_O17	Plate5_C5	Plate4_C17	Plate3_G5	Plate2_G17	Plate1_K5
Plate19_C12	Plate18_C24	Plate17_G12	Plate16_G24	Plate15_K12	Plate14_K24	Plate13_O12	Plate12_O24	Plate12_C12	Plate11_C24	Plate10_G12	Plate9_G24	Plate8_K12	Plate7_K24	Plate6_O12	Plate5_O24	Plate5_C12	Plate4_C24	Plate3_G12	Plate2_G24	Plate1_K12	Plate19_C11	Plate18_C23	Plate17_G11	Plate16_G23	Plate15_K11	Plate14_K23	Plate13_O11	Plate12_O23	Plate12_C11	Plate11_C23	Plate10_G11	Plate9_G23	Plate8_K11	Plate7_K23	Plate6_O11	Plate5_O23	Plate5_C11	Plate4_C23	Plate3_G11	Plate2_G23	Plate1_K11	Plate19_C10	Plate18_C22	Plate17_G10	Plate16_G22	Plate15_K10	Plate14_K22	Plate13_O10	Plate12_O22	Plate12_C10	Plate11_C22	Plate10_G10	Plate9_G22	Plate8_K10	Plate7_K22	Plate6_O10	Plate5_O22	Plate5_C10	Plate4_C22	Plate3_G10	Plate2_G22	Plate1_K10	Plate19_C9	Plate18_C21	Plate17_G9	Plate16_G21	Plate15_K9	Plate14_K21	Plate13_O9	Plate12_O21	Plate12_C9	Plate11_C21	Plate10_G9	Plate9_G21	Plate8_K9	Plate7_K21	Plate6_O9	Plate5_O21	Plate5_C9	Plate4_C21	Plate3_G9	Plate2_G21	Plate1_K9
Plate19_C16	Plate18_G4	Plate17_G16	Plate16_K4	Plate15_K16	Plate14_O4	Plate13_O16	Plate13_C4	Plate12_C16	Plate11_G4	Plate10_G16	Plate9_K4	Plate8_K16	Plate7_O4	Plate6_O16	Plate6_C4	Plate5_C16	Plate4_G4	Plate3_G16	Plate2_K4	Plate1_K16	Plate19_C15	Plate18_G3	Plate17_G15	Plate16_K3	Plate15_K15	Plate14_O3	Plate13_O15	Plate13_C3	Plate12_C15	Plate11_G3	Plate10_G15	Plate9_K3	Plate8_K15	Plate7_O3	Plate6_O15	Plate6_C3	Plate5_C15	Plate4_G3	Plate3_G15	Plate2_K3	Plate1_K15	Plate19_C14	Plate18_G2	Plate17_G14	Plate16_K2	Plate15_K14	Plate14_O2	Plate13_O14	Plate13_C2	Plate12_C14	Plate11_G2	Plate10_G14	Plate9_K2	Plate8_K14	Plate7_O2	Plate6_O14	Plate6_C2	Plate5_C14	Plate4_G2	Plate3_G14	Plate2_K2	Plate1_K14	Plate19_C13	Plate18_G1	Plate17_G13	Plate16_K1	Plate15_K13	Plate14_O1	Plate13_O13	Plate13_C1	Plate12_C13	Plate11_G1	Plate10_G13	Plate9_K1	Plate8_K13	Plate7_O1	Plate6_O13	Plate6_C1	Plate5_C13	Plate4_G1	Plate3_G13	Plate2_K1	Plate1_K13
Plate19_C20	Plate18_G8	Plate17_G20	Plate16_K8	Plate15_K20	Plate14_O8	Plate13_O20	Plate13_C8	Plate12_C20	Plate11_G8	Plate10_G20	Plate9_K8	Plate8_K20	Plate7_O8	Plate6_O20	Plate6_C8	Plate5_C20	Plate4_G8	Plate3_G20	Plate2_K8	Plate1_K20	Plate19_C19	Plate18_G7	Plate17_G19	Plate16_K7	Plate15_K19	Plate14_O7	Plate13_O19	Plate13_C7	Plate12_C19	Plate11_G7	Plate10_G19	Plate9_K7	Plate8_K19	Plate7_O7	Plate6_O19	Plate6_C7	Plate5_C19	Plate4_G7	Plate3_G19	Plate2_K7	Plate1_K19	Plate19_C18	Plate18_G6	Plate17_G18	Plate16_K6	Plate15_K18	Plate14_O6	Plate13_O18	Plate13_C6	Plate12_C18	Plate11_G6	Plate10_G18	Plate9_K6	Plate8_K18	Plate7_O6	Plate6_O18	Plate6_C6	Plate5_C18	Plate4_G6	Plate3_G18	Plate2_K6	Plate1_K18	Plate19_C17	Plate18_G5	Plate17_G17	Plate16_K5	Plate15_K17	Plate14_O5	Plate13_O17	Plate13_C5	Plate12_C17	Plate11_G5	Plate10_G17	Plate9_K5	Plate8_K17	Plate7_O5	Plate6_O17	Plate6_C5	Plate5_C17	Plate4_G5	Plate3_G17	Plate2_K5	Plate1_K17
Plate19_C24	Plate18_G12	Plate17_G24	Plate16_K12	Plate15_K24	Plate14_O12	Plate13_O24	Plate13_C12	Plate12_C24	Plate11_G12	Plate10_G24	Plate9_K12	Plate8_K24	Plate7_O12	Plate6_O24	Plate6_C12	Plate5_C24	Plate4_G12	Plate3_G24	Plate2_K12	Plate1_K24	Plate19_C23	Plate18_G11	Plate17_G23	Plate16_K11	Plate15_K23	Plate14_O11	Plate13_O23	Plate13_C11	Plate12_C23	Plate11_G11	Plate10_G23	Plate9_K11	Plate8_K23	Plate7_O11	Plate6_O23	Plate6_C11	Plate5_C23	Plate4_G11	Plate3_G23	Plate2_K11	Plate1_K23	Plate19_C22	Plate18_G10	Plate17_G22	Plate16_K10	Plate15_K22	Plate14_O10	Plate13_O22	Plate13_C10	Plate12_C22	Plate11_G10	Plate10_G22	Plate9_K10	Plate8_K22	Plate7_O10	Plate6_O22	Plate6_C10	Plate5_C22	Plate4_G10	Plate3_G22	Plate2_K10	Plate1_K22	Plate19_C21	Plate18_G9	Plate17_G21	Plate16_K9	Plate15_K21	Plate14_O9	Plate13_O21	Plate13_C9	Plate12_C21	Plate11_G9	Plate10_G21	Plate9_K9	Plate8_K21	Plate7_O9	Plate6_O21	Plate6_C9	Plate5_C21	Plate4_G9	Plate3_G21	Plate2_K9	Plate1_K21
Plate19_G4	Plate18_G16	Plate17_K4	Plate16_K16	Plate15_O4	Plate14_O16	Plate14_C4	Plate13_C16	Plate12_G4	Plate11_G16	Plate10_K4	Plate9_K16	Plate8_O4	Plate7_O16	Plate7_C4	Plate6_C16	Plate5_G4	Plate4_G16	Plate3_K4	Plate2_K16	Plate1_O4	Plate19_G3	Plate18_G15	Plate17_K3	Plate16_K15	Plate15_O3	Plate14_O15	Plate14_C3	Plate13_C15	Plate12_G3	Plate11_G15	Plate10_K3	Plate9_K15	Plate8_O3	Plate7_O15	Plate7_C3	Plate6_C15	Plate5_G3	Plate4_G15	Plate3_K3	Plate2_K15	Plate1_O3	Plate19_G2	Plate18_G14	Plate17_K2	Plate16_K14	Plate15_O2	Plate14_O14	Plate14_C2	Plate13_C14	Plate12_G2	Plate11_G14	Plate10_K2	Plate9_K14	Plate8_O2	Plate7_O14	Plate7_C2	Plate6_C14	Plate5_G2	Plate4_G14	Plate3_K2	Plate2_K14	Plate1_O2	Plate19_G1	Plate18_G13	Plate17_K1	Plate16_K13	Plate15_O1	Plate14_O13	Plate14_C1	Plate13_C13	Plate12_G1	Plate11_G13	Plate10_K1	Plate9_K13	Plate8_O1	Plate7_O13	Plate7_C1	Plate6_C13	Plate5_G1	Plate4_G13	Plate3_K1	Plate2_K13	Plate1_O1
Plate19_G8	Plate18_G20	Plate17_K8	Plate16_K20	Plate15_O8	Plate14_O20	Plate14_C8	Plate13_C20	Plate12_G8	Plate11_G20	Plate10_K8	Plate9_K20	Plate8_O8	Plate7_O20	Plate7_C8	Plate6_C20	Plate5_G8	Plate4_G20	Plate3_K8	Plate2_K20	Plate1_O8	Plate19_G7	Plate18_G19	Plate17_K7	Plate16_K19	Plate15_O7	Plate14_O19	Plate14_C7	Plate13_C19	Plate12_G7	Plate11_G19	Plate10_K7	Plate9_K19	Plate8_O7	Plate7_O19	Plate7_C7	Plate6_C19	Plate5_G7	Plate4_G19	Plate3_K7	Plate2_K19	Plate1_O7	Plate19_G6	Plate18_G18	Plate17_K6	Plate16_K18	Plate15_O6	Plate14_O18	Plate14_C6	Plate13_C18	Plate12_G6	Plate11_G18	Plate10_K6	Plate9_K18	Plate8_O6	Plate7_O18	Plate7_C6	Plate6_C18	Plate5_G6	Plate4_G18	Plate3_K6	Plate2_K18	Plate1_O6	Plate19_G5	Plate18_G17	Plate17_K5	Plate16_K17	Plate15_O5	Plate14_O17	Plate14_C5	Plate13_C17	Plate12_G5	Plate11_G17	Plate10_K5	Plate9_K17	Plate8_O5	Plate7_O17	Plate7_C5	Plate6_C17	Plate5_G5	Plate4_G17	Plate3_K5	Plate2_K17	Plate1_O5
Plate19_G12	Plate18_G24	Plate17_K12	Plate16_K24	Plate15_O12	Plate14_O24	Plate14_C12	Plate13_C24	Plate12_G12	Plate11_G24	Plate10_K12	Plate9_K24	Plate8_O12	Plate7_O24	Plate7_C12	Plate6_C24	Plate5_G12	Plate4_G24	Plate3_K12	Plate2_K24	Plate1_O12	Plate19_G11	Plate18_G23	Plate17_K11	Plate16_K23	Plate15_O11	Plate14_O23	Plate14_C11	Plate13_C23	Plate12_G11	Plate11_G23	Plate10_K11	Plate9_K23	Plate8_O11	Plate7_O23	Plate7_C11	Plate6_C23	Plate5_G11	Plate4_G23	Plate3_K11	Plate2_K23	Plate1_O11	Plate19_G10	Plate18_G22	Plate17_K10	Plate16_K22	Plate15_O10	Plate14_O22	Plate14_C10	Plate13_C22	Plate12_G10	Plate11_G22	Plate10_K10	Plate9_K22	Plate8_O10	Plate7_O22	Plate7_C10	Plate6_C22	Plate5_G10	Plate4_G22	Plate3_K10	Plate2_K22	Plate1_O10	Plate19_G9	Plate18_G21	Plate17_K9	Plate16_K21	Plate15_O9	Plate14_O21	Plate14_C9	Plate13_C21	Plate12_G9	Plate11_G21	Plate10_K9	Plate9_K21	Plate8_O9	Plate7_O21	Plate7_C9	Plate6_C21	Plate5_G9	Plate4_G21	Plate3_K9	Plate2_K21	Plate1_O9
Plate18_J4	Plate17_J16	Plate16_N4	Plate15_N16	Plate15_B4	Plate14_B16	Plate13_F4	Plate12_F16	Plate11_J4	Plate10_J16	Plate9_N4	Plate8_N16	Plate8_B4	Plate7_B16	Plate6_F4	Plate5_F16	Plate4_J4	Plate3_J16	Plate2_N4	Plate1_N16	Plate1_B4	Plate18_J3	Plate17_J15	Plate16_N3	Plate15_N15	Plate15_B3	Plate14_B15	Plate13_F3	Plate12_F15	Plate11_J3	Plate10_J15	Plate9_N3	Plate8_N15	Plate8_B3	Plate7_B15	Plate6_F3	Plate5_F15	Plate4_J3	Plate3_J15	Plate2_N3	Plate1_N15	Plate1_B3	Plate18_J2	Plate17_J14	Plate16_N2	Plate15_N14	Plate15_B2	Plate14_B14	Plate13_F2	Plate12_F14	Plate11_J2	Plate10_J14	Plate9_N2	Plate8_N14	Plate8_B2	Plate7_B14	Plate6_F2	Plate5_F14	Plate4_J2	Plate3_J14	Plate2_N2	Plate1_N14	Plate1_B2	Plate18_J1	Plate17_J13	Plate16_N1	Plate15_N13	Plate15_B1	Plate14_B13	Plate13_F1	Plate12_F13	Plate11_J1	Plate10_J13	Plate9_N1	Plate8_N13	Plate8_B1	Plate7_B13	Plate6_F1	Plate5_F13	Plate4_J1	Plate3_J13	Plate2_N1	Plate1_N13	Plate1_B1
Plate18_J8	Plate17_J20	Plate16_N8	Plate15_N20	Plate15_B8	Plate14_B20	Plate13_F8	Plate12_F20	Plate11_J8	Plate10_J20	Plate9_N8	Plate8_N20	Plate8_B8	Plate7_B20	Plate6_F8	Plate5_F20	Plate4_J8	Plate3_J20	Plate2_N8	Plate1_N20	Plate1_B8	Plate18_J7	Plate17_J19	Plate16_N7	Plate15_N19	Plate15_B7	Plate14_B19	Plate13_F7	Plate12_F19	Plate11_J7	Plate10_J19	Plate9_N7	Plate8_N19	Plate8_B7	Plate7_B19	Plate6_F7	Plate5_F19	Plate4_J7	Plate3_J19	Plate2_N7	Plate1_N19	Plate1_B7	Plate18_J6	Plate17_J18	Plate16_N6	Plate15_N18	Plate15_B6	Plate14_B18	Plate13_F6	Plate12_F18	Plate11_J6	Plate10_J18	Plate9_N6	Plate8_N18	Plate8_B6	Plate7_B18	Plate6_F6	Plate5_F18	Plate4_J6	Plate3_J18	Plate2_N6	Plate1_N18	Plate1_B6	Plate18_J5	Plate17_J17	Plate16_N5	Plate15_N17	Plate15_B5	Plate14_B17	Plate13_F5	Plate12_F17	Plate11_J5	Plate10_J17	Plate9_N5	Plate8_N17	Plate8_B5	Plate7_B17	Plate6_F5	Plate5_F17	Plate4_J5	Plate3_J17	Plate2_N5	Plate1_N17	Plate1_B5
Plate18_J12	Plate17_J24	Plate16_N12	Plate15_N24	Plate15_B12	Plate14_B24	Plate13_F12	Plate12_F24	Plate11_J12	Plate10_J24	Plate9_N12	Plate8_N24	Plate8_B12	Plate7_B24	Plate6_F12	Plate5_F24	Plate4_J12	Plate3_J24	Plate2_N12	Plate1_N24	Plate1_B12	Plate18_J11	Plate17_J23	Plate16_N11	Plate15_N23	Plate15_B11	Plate14_B23	Plate13_F11	Plate12_F23	Plate11_J11	Plate10_J23	Plate9_N11	Plate8_N23	Plate8_B11	Plate7_B23	Plate6_F11	Plate5_F23	Plate4_J11	Plate3_J23	Plate2_N11	Plate1_N23	Plate1_B11	Plate18_J10	Plate17_J22	Plate16_N10	Plate15_N22	Plate15_B10	Plate14_B22	Plate13_F10	Plate12_F22	Plate11_J10	Plate10_J22	Plate9_N10	Plate8_N22	Plate8_B10	Plate7_B22	Plate6_F10	Plate5_F22	Plate4_J10	Plate3_J22	Plate2_N10	Plate1_N22	Plate1_B10	Plate18_J9	Plate17_J21	Plate16_N9	Plate15_N21	Plate15_B9	Plate14_B21	Plate13_F9	Plate12_F21	Plate11_J9	Plate10_J21	Plate9_N9	Plate8_N21	Plate8_B9	Plate7_B21	Plate6_F9	Plate5_F21	Plate4_J9	Plate3_J21	Plate2_N9	Plate1_N21	Plate1_B9
Plate18_J16	Plate17_N4	Plate16_N16	Plate16_B4	Plate15_B16	Plate14_F4	Plate13_F16	Plate12_J4	Plate11_J16	Plate10_N4	Plate9_N16	Plate9_B4	Plate8_B16	Plate7_F4	Plate6_F16	Plate5_J4	Plate4_J16	Plate3_N4	Plate2_N16	Plate2_B4	Plate1_B16	Plate18_J15	Plate17_N3	Plate16_N15	Plate16_B3	Plate15_B15	Plate14_F3	Plate13_F15	Plate12_J3	Plate11_J15	Plate10_N3	Plate9_N15	Plate9_B3	Plate8_B15	Plate7_F3	Plate6_F15	Plate5_J3	Plate4_J15	Plate3_N3	Plate2_N15	Plate2_B3	Plate1_B15	Plate18_J14	Plate17_N2	Plate16_N14	Plate16_B2	Plate15_B14	Plate14_F2	Plate13_F14	Plate12_J2	Plate11_J14	Plate10_N2	Plate9_N14	Plate9_B2	Plate8_B14	Plate7_F2	Plate6_F14	Plate5_J2	Plate4_J14	Plate3_N2	Plate2_N14	Plate2_B2	Plate1_B14	Plate18_J13	Plate17_N1	Plate16_N13	Plate16_B1	Plate15_B13	Plate14_F1	Plate13_F13	Plate12_J1	Plate11_J13	Plate10_N1	Plate9_N13	Plate9_B1	Plate8_B13	Plate7_F1	Plate6_F13	Plate5_J1	Plate4_J13	Plate3_N1	Plate2_N13	Plate2_B1	Plate1_B13
Plate18_J20	Plate17_N8	Plate16_N20	Plate16_B8	Plate15_B20	Plate14_F8	Plate13_F20	Plate12_J8	Plate11_J20	Plate10_N8	Plate9_N20	Plate9_B8	Plate8_B20	Plate7_F8	Plate6_F20	Plate5_J8	Plate4_J20	Plate3_N8	Plate2_N20	Plate2_B8	Plate1_B20	Plate18_J19	Plate17_N7	Plate16_N19	Plate16_B7	Plate15_B19	Plate14_F7	Plate13_F19	Plate12_J7	Plate11_J19	Plate10_N7	Plate9_N19	Plate9_B7	Plate8_B19	Plate7_F7	Plate6_F19	Plate5_J7	Plate4_J19	Plate3_N7	Plate2_N19	Plate2_B7	Plate1_B19	Plate18_J18	Plate17_N6	Plate16_N18	Plate16_B6	Plate15_B18	Plate14_F6	Plate13_F18	Plate12_J6	Plate11_J18	Plate10_N6	Plate9_N18	Plate9_B6	Plate8_B18	Plate7_F6	Plate6_F18	Plate5_J6	Plate4_J18	Plate3_N6	Plate2_N18	Plate2_B6	Plate1_B18	Plate18_J17	Plate17_N5	Plate16_N17	Plate16_B5	Plate15_B17	Plate14_F5	Plate13_F17	Plate12_J5	Plate11_J17	Plate10_N5	Plate9_N17	Plate9_B5	Plate8_B17	Plate7_F5	Plate6_F17	Plate5_J5	Plate4_J17	Plate3_N5	Plate2_N17	Plate2_B5	Plate1_B17
Plate18_J24	Plate17_N12	Plate16_N24	Plate16_B12	Plate15_B24	Plate14_F12	Plate13_F24	Plate12_J12	Plate11_J24	Plate10_N12	Plate9_N24	Plate9_B12	Plate8_B24	Plate7_F12	Plate6_F24	Plate5_J12	Plate4_J24	Plate3_N12	Plate2_N24	Plate2_B12	Plate1_B24	Plate18_J23	Plate17_N11	Plate16_N23	Plate16_B11	Plate15_B23	Plate14_F11	Plate13_F23	Plate12_J11	Plate11_J23	Plate10_N11	Plate9_N23	Plate9_B11	Plate8_B23	Plate7_F11	Plate6_F23	Plate5_J11	Plate4_J23	Plate3_N11	Plate2_N23	Plate2_B11	Plate1_B23	Plate18_J22	Plate17_N10	Plate16_N22	Plate16_B10	Plate15_B22	Plate14_F10	Plate13_F22	Plate12_J10	Plate11_J22	Plate10_N10	Plate9_N22	Plate9_B10	Plate8_B22	Plate7_F10	Plate6_F22	Plate5_J10	Plate4_J22	Plate3_N10	Plate2_N22	Plate2_B10	Plate1_B22	Plate18_J21	Plate17_N9	Plate16_N21	Plate16_B9	Plate15_B21	Plate14_F9	Plate13_F21	Plate12_J9	Plate11_J21	Plate10_N9	Plate9_N21	Plate9_B9	Plate8_B21	Plate7_F9	Plate6_F21	Plate5_J9	Plate4_J21	Plate3_N9	Plate2_N21	Plate2_B9	Plate1_B21
Plate18_N4	Plate17_N16	Plate17_B4	Plate16_B16	Plate15_F4	Plate14_F16	Plate13_J4	Plate12_J16	Plate11_N4	Plate10_N16	Plate10_B4	Plate9_B16	Plate8_F4	Plate7_F16	Plate6_J4	Plate5_J16	Plate4_N4	Plate3_N16	Plate3_B4	Plate2_B16	Plate1_F4	Plate18_N3	Plate17_N15	Plate17_B3	Plate16_B15	Plate15_F3	Plate14_F15	Plate13_J3	Plate12_J15	Plate11_N3	Plate10_N15	Plate10_B3	Plate9_B15	Plate8_F3	Plate7_F15	Plate6_J3	Plate5_J15	Plate4_N3	Plate3_N15	Plate3_B3	Plate2_B15	Plate1_F3	Plate18_N2	Plate17_N14	Plate17_B2	Plate16_B14	Plate15_F2	Plate14_F14	Plate13_J2	Plate12_J14	Plate11_N2	Plate10_N14	Plate10_B2	Plate9_B14	Plate8_F2	Plate7_F14	Plate6_J2	Plate5_J14	Plate4_N2	Plate3_N14	Plate3_B2	Plate2_B14	Plate1_F2	Plate18_N1	Plate17_N13	Plate17_B1	Plate16_B13	Plate15_F1	Plate14_F13	Plate13_J1	Plate12_J13	Plate11_N1	Plate10_N13	Plate10_B1	Plate9_B13	Plate8_F1	Plate7_F13	Plate6_J1	Plate5_J13	Plate4_N1	Plate3_N13	Plate3_B1	Plate2_B13	Plate1_F1
Plate18_N8	Plate17_N20	Plate17_B8	Plate16_B20	Plate15_F8	Plate14_F20	Plate13_J8	Plate12_J20	Plate11_N8	Plate10_N20	Plate10_B8	Plate9_B20	Plate8_F8	Plate7_F20	Plate6_J8	Plate5_J20	Plate4_N8	Plate3_N20	Plate3_B8	Plate2_B20	Plate1_F8	Plate18_N7	Plate17_N19	Plate17_B7	Plate16_B19	Plate15_F7	Plate14_F19	Plate13_J7	Plate12_J19	Plate11_N7	Plate10_N19	Plate10_B7	Plate9_B19	Plate8_F7	Plate7_F19	Plate6_J7	Plate5_J19	Plate4_N7	Plate3_N19	Plate3_B7	Plate2_B19	Plate1_F7	Plate18_N6	Plate17_N18	Plate17_B6	Plate16_B18	Plate15_F6	Plate14_F18	Plate13_J6	Plate12_J18	Plate11_N6	Plate10_N18	Plate10_B6	Plate9_B18	Plate8_F6	Plate7_F18	Plate6_J6	Plate5_J18	Plate4_N6	Plate3_N18	Plate3_B6	Plate2_B18	Plate1_F6	Plate18_N5	Plate17_N17	Plate17_B5	Plate16_B17	Plate15_F5	Plate14_F17	Plate13_J5	Plate12_J17	Plate11_N5	Plate10_N17	Plate10_B5	Plate9_B17	Plate8_F5	Plate7_F17	Plate6_J5	Plate5_J17	Plate4_N5	Plate3_N17	Plate3_B5	Plate2_B17	Plate1_F5
Plate18_N12	Plate17_N24	Plate17_B12	Plate16_B24	Plate15_F12	Plate14_F24	Plate13_J12	Plate12_J24	Plate11_N12	Plate10_N24	Plate10_B12	Plate9_B24	Plate8_F12	Plate7_F24	Plate6_J12	Plate5_J24	Plate4_N12	Plate3_N24	Plate3_B12	Plate2_B24	Plate1_F12	Plate18_N11	Plate17_N23	Plate17_B11	Plate16_B23	Plate15_F11	Plate14_F23	Plate13_J11	Plate12_J23	Plate11_N11	Plate10_N23	Plate10_B11	Plate9_B23	Plate8_F11	Plate7_F23	Plate6_J11	Plate5_J23	Plate4_N11	Plate3_N23	Plate3_B11	Plate2_B23	Plate1_F11	Plate18_N10	Plate17_N22	Plate17_B10	Plate16_B22	Plate15_F10	Plate14_F22	Plate13_J10	Plate12_J22	Plate11_N10	Plate10_N22	Plate10_B10	Plate9_B22	Plate8_F10	Plate7_F22	Plate6_J10	Plate5_J22	Plate4_N10	Plate3_N22	Plate3_B10	Plate2_B22	Plate1_F10	Plate18_N9	Plate17_N21	Plate17_B9	Plate16_B21	Plate15_F9	Plate14_F21	Plate13_J9	Plate12_J21	Plate11_N9	Plate10_N21	Plate10_B9	Plate9_B21	Plate8_F9	Plate7_F21	Plate6_J9	Plate5_J21	Plate4_N9	Plate3_N21	Plate3_B9	Plate2_B21	Plate1_F9
Plate18_N16	Plate18_B4	Plate17_B16	Plate16_F4	Plate15_F16	Plate14_J4	Plate13_J16	Plate12_N4	Plate11_N16	Plate11_B4	Plate10_B16	Plate9_F4	Plate8_F16	Plate7_J4	Plate6_J16	Plate5_N4	Plate4_N16	Plate4_B4	Plate3_B16	Plate2_F4	Plate1_F16	Plate18_N15	Plate18_B3	Plate17_B15	Plate16_F3	Plate15_F15	Plate14_J3	Plate13_J15	Plate12_N3	Plate11_N15	Plate11_B3	Plate10_B15	Plate9_F3	Plate8_F15	Plate7_J3	Plate6_J15	Plate5_N3	Plate4_N15	Plate4_B3	Plate3_B15	Plate2_F3	Plate1_F15	Plate18_N14	Plate18_B2	Plate17_B14	Plate16_F2	Plate15_F14	Plate14_J2	Plate13_J14	Plate12_N2	Plate11_N14	Plate11_B2	Plate10_B14	Plate9_F2	Plate8_F14	Plate7_J2	Plate6_J14	Plate5_N2	Plate4_N14	Plate4_B2	Plate3_B14	Plate2_F2	Plate1_F14	Plate18_N13	Plate18_B1	Plate17_B13	Plate16_F1	Plate15_F13	Plate14_J1	Plate13_J13	Plate12_N1	Plate11_N13	Plate11_B1	Plate10_B13	Plate9_F1	Plate8_F13	Plate7_J1	Plate6_J13	Plate5_N1	Plate4_N13	Plate4_B1	Plate3_B13	Plate2_F1	Plate1_F13
Plate18_N20	Plate18_B8	Plate17_B20	Plate16_F8	Plate15_F20	Plate14_J8	Plate13_J20	Plate12_N8	Plate11_N20	Plate11_B8	Plate10_B20	Plate9_F8	Plate8_F20	Plate7_J8	Plate6_J20	Plate5_N8	Plate4_N20	Plate4_B8	Plate3_B20	Plate2_F8	Plate1_F20	Plate18_N19	Plate18_B7	Plate17_B19	Plate16_F7	Plate15_F19	Plate14_J7	Plate13_J19	Plate12_N7	Plate11_N19	Plate11_B7	Plate10_B19	Plate9_F7	Plate8_F19	Plate7_J7	Plate6_J19	Plate5_N7	Plate4_N19	Plate4_B7	Plate3_B19	Plate2_F7	Plate1_F19	Plate18_N18	Plate18_B6	Plate17_B18	Plate16_F6	Plate15_F18	Plate14_J6	Plate13_J18	Plate12_N6	Plate11_N18	Plate11_B6	Plate10_B18	Plate9_F6	Plate8_F18	Plate7_J6	Plate6_J18	Plate5_N6	Plate4_N18	Plate4_B6	Plate3_B18	Plate2_F6	Plate1_F18	Plate18_N17	Plate18_B5	Plate17_B17	Plate16_F5	Plate15_F17	Plate14_J5	Plate13_J17	Plate12_N5	Plate11_N17	Plate11_B5	Plate10_B17	Plate9_F5	Plate8_F17	Plate7_J5	Plate6_J17	Plate5_N5	Plate4_N17	Plate4_B5	Plate3_B17	Plate2_F5	Plate1_F17
Plate18_N24	Plate18_B12	Plate17_B24	Plate16_F12	Plate15_F24	Plate14_J12	Plate13_J24	Plate12_N12	Plate11_N24	Plate11_B12	Plate10_B24	Plate9_F12	Plate8_F24	Plate7_J12	Plate6_J24	Plate5_N12	Plate4_N24	Plate4_B12	Plate3_B24	Plate2_F12	Plate1_F24	Plate18_N23	Plate18_B11	Plate17_B23	Plate16_F11	Plate15_F23	Plate14_J11	Plate13_J23	Plate12_N11	Plate11_N23	Plate11_B11	Plate10_B23	Plate9_F11	Plate8_F23	Plate7_J11	Plate6_J23	Plate5_N11	Plate4_N23	Plate4_B11	Plate3_B23	Plate2_F11	Plate1_F23	Plate18_N22	Plate18_B10	Plate17_B22	Plate16_F10	Plate15_F22	Plate14_J10	Plate13_J22	Plate12_N10	Plate11_N22	Plate11_B10	Plate10_B22	Plate9_F10	Plate8_F22	Plate7_J10	Plate6_J22	Plate5_N10	Plate4_N22	Plate4_B10	Plate3_B22	Plate2_F10	Plate1_F22	Plate18_N21	Plate18_B9	Plate17_B21	Plate16_F9	Plate15_F21	Plate14_J9	Plate13_J21	Plate12_N9	Plate11_N21	Plate11_B9	Plate10_B21	Plate9_F9	Plate8_F21	Plate7_J9	Plate6_J21	Plate5_N9	Plate4_N21	Plate4_B9	Plate3_B21	Plate2_F9	Plate1_F21
Plate19_B4	Plate18_B16	Plate17_F4	Plate16_F16	Plate15_J4	Plate14_J16	Plate13_N4	Plate12_N16	Plate12_B4	Plate11_B16	Plate10_F4	Plate9_F16	Plate8_J4	Plate7_J16	Plate6_N4	Plate5_N16	Plate5_B4	Plate4_B16	Plate3_F4	Plate2_F16	Plate1_J4	Plate19_B3	Plate18_B15	Plate17_F3	Plate16_F15	Plate15_J3	Plate14_J15	Plate13_N3	Plate12_N15	Plate12_B3	Plate11_B15	Plate10_F3	Plate9_F15	Plate8_J3	Plate7_J15	Plate6_N3	Plate5_N15	Plate5_B3	Plate4_B15	Plate3_F3	Plate2_F15	Plate1_J3	Plate19_B2	Plate18_B14	Plate17_F2	Plate16_F14	Plate15_J2	Plate14_J14	Plate13_N2	Plate12_N14	Plate12_B2	Plate11_B14	Plate10_F2	Plate9_F14	Plate8_J2	Plate7_J14	Plate6_N2	Plate5_N14	Plate5_B2	Plate4_B14	Plate3_F2	Plate2_F14	Plate1_J2	Plate19_B1	Plate18_B13	Plate17_F1	Plate16_F13	Plate15_J1	Plate14_J13	Plate13_N1	Plate12_N13	Plate12_B1	Plate11_B13	Plate10_F1	Plate9_F13	Plate8_J1	Plate7_J13	Plate6_N1	Plate5_N13	Plate5_B1	Plate4_B13	Plate3_F1	Plate2_F13	Plate1_J1
Plate19_B8	Plate18_B20	Plate17_F8	Plate16_F20	Plate15_J8	Plate14_J20	Plate13_N8	Plate12_N20	Plate12_B8	Plate11_B20	Plate10_F8	Plate9_F20	Plate8_J8	Plate7_J20	Plate6_N8	Plate5_N20	Plate5_B8	Plate4_B20	Plate3_F8	Plate2_F20	Plate1_J8	Plate19_B7	Plate18_B19	Plate17_F7	Plate16_F19	Plate15_J7	Plate14_J19	Plate13_N7	Plate12_N19	Plate12_B7	Plate11_B19	Plate10_F7	Plate9_F19	Plate8_J7	Plate7_J19	Plate6_N7	Plate5_N19	Plate5_B7	Plate4_B19	Plate3_F7	Plate2_F19	Plate1_J7	Plate19_B6	Plate18_B18	Plate17_F6	Plate16_F18	Plate15_J6	Plate14_J18	Plate13_N6	Plate12_N18	Plate12_B6	Plate11_B18	Plate10_F6	Plate9_F18	Plate8_J6	Plate7_J18	Plate6_N6	Plate5_N18	Plate5_B6	Plate4_B18	Plate3_F6	Plate2_F18	Plate1_J6	Plate19_B5	Plate18_B17	Plate17_F5	Plate16_F17	Plate15_J5	Plate14_J17	Plate13_N5	Plate12_N17	Plate12_B5	Plate11_B17	Plate10_F5	Plate9_F17	Plate8_J5	Plate7_J17	Plate6_N5	Plate5_N17	Plate5_B5	Plate4_B17	Plate3_F5	Plate2_F17	Plate1_J5
Plate19_B12	Plate18_B24	Plate17_F12	Plate16_F24	Plate15_J12	Plate14_J24	Plate13_N12	Plate12_N24	Plate12_B12	Plate11_B24	Plate10_F12	Plate9_F24	Plate8_J12	Plate7_J24	Plate6_N12	Plate5_N24	Plate5_B12	Plate4_B24	Plate3_F12	Plate2_F24	Plate1_J12	Plate19_B11	Plate18_B23	Plate17_F11	Plate16_F23	Plate15_J11	Plate14_J23	Plate13_N11	Plate12_N23	Plate12_B11	Plate11_B23	Plate10_F11	Plate9_F23	Plate8_J11	Plate7_J23	Plate6_N11	Plate5_N23	Plate5_B11	Plate4_B23	Plate3_F11	Plate2_F23	Plate1_J11	Plate19_B10	Plate18_B22	Plate17_F10	Plate16_F22	Plate15_J10	Plate14_J22	Plate13_N10	Plate12_N22	Plate12_B10	Plate11_B22	Plate10_F10	Plate9_F22	Plate8_J10	Plate7_J22	Plate6_N10	Plate5_N22	Plate5_B10	Plate4_B22	Plate3_F10	Plate2_F22	Plate1_J10	Plate19_B9	Plate18_B21	Plate17_F9	Plate16_F21	Plate15_J9	Plate14_J21	Plate13_N9	Plate12_N21	Plate12_B9	Plate11_B21	Plate10_F9	Plate9_F21	Plate8_J9	Plate7_J21	Plate6_N9	Plate5_N21	Plate5_B9	Plate4_B21	Plate3_F9	Plate2_F21	Plate1_J9
Plate19_B16	Plate18_F4	Plate17_F16	Plate16_J4	Plate15_J16	Plate14_N4	Plate13_N16	Plate13_B4	Plate12_B16	Plate11_F4	Plate10_F16	Plate9_J4	Plate8_J16	Plate7_N4	Plate6_N16	Plate6_B4	Plate5_B16	Plate4_F4	Plate3_F16	Plate2_J4	Plate1_J16	Plate19_B15	Plate18_F3	Plate17_F15	Plate16_J3	Plate15_J15	Plate14_N3	Plate13_N15	Plate13_B3	Plate12_B15	Plate11_F3	Plate10_F15	Plate9_J3	Plate8_J15	Plate7_N3	Plate6_N15	Plate6_B3	Plate5_B15	Plate4_F3	Plate3_F15	Plate2_J3	Plate1_J15	Plate19_B14	Plate18_F2	Plate17_F14	Plate16_J2	Plate15_J14	Plate14_N2	Plate13_N14	Plate13_B2	Plate12_B14	Plate11_F2	Plate10_F14	Plate9_J2	Plate8_J14	Plate7_N2	Plate6_N14	Plate6_B2	Plate5_B14	Plate4_F2	Plate3_F14	Plate2_J2	Plate1_J14	Plate19_B13	Plate18_F1	Plate17_F13	Plate16_J1	Plate15_J13	Plate14_N1	Plate13_N13	Plate13_B1	Plate12_B13	Plate11_F1	Plate10_F13	Plate9_J1	Plate8_J13	Plate7_N1	Plate6_N13	Plate6_B1	Plate5_B13	Plate4_F1	Plate3_F13	Plate2_J1	Plate1_J13
Plate19_B20	Plate18_F8	Plate17_F20	Plate16_J8	Plate15_J20	Plate14_N8	Plate13_N20	Plate13_B8	Plate12_B20	Plate11_F8	Plate10_F20	Plate9_J8	Plate8_J20	Plate7_N8	Plate6_N20	Plate6_B8	Plate5_B20	Plate4_F8	Plate3_F20	Plate2_J8	Plate1_J20	Plate19_B19	Plate18_F7	Plate17_F19	Plate16_J7	Plate15_J19	Plate14_N7	Plate13_N19	Plate13_B7	Plate12_B19	Plate11_F7	Plate10_F19	Plate9_J7	Plate8_J19	Plate7_N7	Plate6_N19	Plate6_B7	Plate5_B19	Plate4_F7	Plate3_F19	Plate2_J7	Plate1_J19	Plate19_B18	Plate18_F6	Plate17_F18	Plate16_J6	Plate15_J18	Plate14_N6	Plate13_N18	Plate13_B6	Plate12_B18	Plate11_F6	Plate10_F18	Plate9_J6	Plate8_J18	Plate7_N6	Plate6_N18	Plate6_B6	Plate5_B18	Plate4_F6	Plate3_F18	Plate2_J6	Plate1_J18	Plate19_B17	Plate18_F5	Plate17_F17	Plate16_J5	Plate15_J17	Plate14_N5	Plate13_N17	Plate13_B5	Plate12_B17	Plate11_F5	Plate10_F17	Plate9_J5	Plate8_J17	Plate7_N5	Plate6_N17	Plate6_B5	Plate5_B17	Plate4_F5	Plate3_F17	Plate2_J5	Plate1_J17
Plate19_B24	Plate18_F12	Plate17_F24	Plate16_J12	Plate15_J24	Plate14_N12	Plate13_N24	Plate13_B12	Plate12_B24	Plate11_F12	Plate10_F24	Plate9_J12	Plate8_J24	Plate7_N12	Plate6_N24	Plate6_B12	Plate5_B24	Plate4_F12	Plate3_F24	Plate2_J12	Plate1_J24	Plate19_B23	Plate18_F11	Plate17_F23	Plate16_J11	Plate15_J23	Plate14_N11	Plate13_N23	Plate13_B11	Plate12_B23	Plate11_F11	Plate10_F23	Plate9_J11	Plate8_J23	Plate7_N11	Plate6_N23	Plate6_B11	Plate5_B23	Plate4_F11	Plate3_F23	Plate2_J11	Plate1_J23	Plate19_B22	Plate18_F10	Plate17_F22	Plate16_J10	Plate15_J22	Plate14_N10	Plate13_N22	Plate13_B10	Plate12_B22	Plate11_F10	Plate10_F22	Plate9_J10	Plate8_J22	Plate7_N10	Plate6_N22	Plate6_B10	Plate5_B22	Plate4_F10	Plate3_F22	Plate2_J10	Plate1_J22	Plate19_B21	Plate18_F9	Plate17_F21	Plate16_J9	Plate15_J21	Plate14_N9	Plate13_N21	Plate13_B9	Plate12_B21	Plate11_F9	Plate10_F21	Plate9_J9	Plate8_J21	Plate7_N9	Plate6_N21	Plate6_B9	Plate5_B21	Plate4_F9	Plate3_F21	Plate2_J9	Plate1_J21
Plate19_F4	Plate18_F16	Plate17_J4	Plate16_J16	Plate15_N4	Plate14_N16	Plate14_B4	Plate13_B16	Plate12_F4	Plate11_F16	Plate10_J4	Plate9_J16	Plate8_N4	Plate7_N16	Plate7_B4	Plate6_B16	Plate5_F4	Plate4_F16	Plate3_J4	Plate2_J16	Plate1_N4	Plate19_F3	Plate18_F15	Plate17_J3	Plate16_J15	Plate15_N3	Plate14_N15	Plate14_B3	Plate13_B15	Plate12_F3	Plate11_F15	Plate10_J3	Plate9_J15	Plate8_N3	Plate7_N15	Plate7_B3	Plate6_B15	Plate5_F3	Plate4_F15	Plate3_J3	Plate2_J15	Plate1_N3	Plate19_F2	Plate18_F14	Plate17_J2	Plate16_J14	Plate15_N2	Plate14_N14	Plate14_B2	Plate13_B14	Plate12_F2	Plate11_F14	Plate10_J2	Plate9_J14	Plate8_N2	Plate7_N14	Plate7_B2	Plate6_B14	Plate5_F2	Plate4_F14	Plate3_J2	Plate2_J14	Plate1_N2	Plate19_F1	Plate18_F13	Plate17_J1	Plate16_J13	Plate15_N1	Plate14_N13	Plate14_B1	Plate13_B13	Plate12_F1	Plate11_F13	Plate10_J1	Plate9_J13	Plate8_N1	Plate7_N13	Plate7_B1	Plate6_B13	Plate5_F1	Plate4_F13	Plate3_J1	Plate2_J13	Plate1_N1
Plate19_F8	Plate18_F20	Plate17_J8	Plate16_J20	Plate15_N8	Plate14_N20	Plate14_B8	Plate13_B20	Plate12_F8	Plate11_F20	Plate10_J8	Plate9_J20	Plate8_N8	Plate7_N20	Plate7_B8	Plate6_B20	Plate5_F8	Plate4_F20	Plate3_J8	Plate2_J20	Plate1_N8	Plate19_F7	Plate18_F19	Plate17_J7	Plate16_J19	Plate15_N7	Plate14_N19	Plate14_B7	Plate13_B19	Plate12_F7	Plate11_F19	Plate10_J7	Plate9_J19	Plate8_N7	Plate7_N19	Plate7_B7	Plate6_B19	Plate5_F7	Plate4_F19	Plate3_J7	Plate2_J19	Plate1_N7	Plate19_F6	Plate18_F18	Plate17_J6	Plate16_J18	Plate15_N6	Plate14_N18	Plate14_B6	Plate13_B18	Plate12_F6	Plate11_F18	Plate10_J6	Plate9_J18	Plate8_N6	Plate7_N18	Plate7_B6	Plate6_B18	Plate5_F6	Plate4_F18	Plate3_J6	Plate2_J18	Plate1_N6	Plate19_F5	Plate18_F17	Plate17_J5	Plate16_J17	Plate15_N5	Plate14_N17	Plate14_B5	Plate13_B17	Plate12_F5	Plate11_F17	Plate10_J5	Plate9_J17	Plate8_N5	Plate7_N17	Plate7_B5	Plate6_B17	Plate5_F5	Plate4_F17	Plate3_J5	Plate2_J17	Plate1_N5
Plate19_F12	Plate18_F24	Plate17_J12	Plate16_J24	Plate15_N12	Plate14_N24	Plate14_B12	Plate13_B24	Plate12_F12	Plate11_F24	Plate10_J12	Plate9_J24	Plate8_N12	Plate7_N24	Plate7_B12	Plate6_B24	Plate5_F12	Plate4_F24	Plate3_J12	Plate2_J24	Plate1_N12	Plate19_F11	Plate18_F23	Plate17_J11	Plate16_J23	Plate15_N11	Plate14_N23	Plate14_B11	Plate13_B23	Plate12_F11	Plate11_F23	Plate10_J11	Plate9_J23	Plate8_N11	Plate7_N23	Plate7_B11	Plate6_B23	Plate5_F11	Plate4_F23	Plate3_J11	Plate2_J23	Plate1_N11	Plate19_F10	Plate18_F22	Plate17_J10	Plate16_J22	Plate15_N10	Plate14_N22	Plate14_B10	Plate13_B22	Plate12_F10	Plate11_F22	Plate10_J10	Plate9_J22	Plate8_N10	Plate7_N22	Plate7_B10	Plate6_B22	Plate5_F10	Plate4_F22	Plate3_J10	Plate2_J22	Plate1_N10	Plate19_F9	Plate18_F21	Plate17_J9	Plate16_J21	Plate15_N9	Plate14_N21	Plate14_B9	Plate13_B21	Plate12_F9	Plate11_F21	Plate10_J9	Plate9_J21	Plate8_N9	Plate7_N21	Plate7_B9	Plate6_B21	Plate5_F9	Plate4_F21	Plate3_J9	Plate2_J21	Plate1_N9
Plate18_I4	Plate17_I16	Plate16_M4	Plate15_M16	Plate15_A4	Plate14_A16	Plate13_E4	Plate12_E16	Plate11_I4	Plate10_I16	Plate9_M4	Plate8_M16	Plate8_A4	Plate7_A16	Plate6_E4	Plate5_E16	Plate4_I4	Plate3_I16	Plate2_M4	Plate1_M16	Plate1_A4	Plate18_I3	Plate17_I15	Plate16_M3	Plate15_M15	Plate15_A3	Plate14_A15	Plate13_E3	Plate12_E15	Plate11_I3	Plate10_I15	Plate9_M3	Plate8_M15	Plate8_A3	Plate7_A15	Plate6_E3	Plate5_E15	Plate4_I3	Plate3_I15	Plate2_M3	Plate1_M15	Plate1_A3	Plate18_I2	Plate17_I14	Plate16_M2	Plate15_M14	Plate15_A2	Plate14_A14	Plate13_E2	Plate12_E14	Plate11_I2	Plate10_I14	Plate9_M2	Plate8_M14	Plate8_A2	Plate7_A14	Plate6_E2	Plate5_E14	Plate4_I2	Plate3_I14	Plate2_M2	Plate1_M14	Plate1_A2	Plate18_I1	Plate17_I13	Plate16_M1	Plate15_M13	Plate15_A1	Plate14_A13	Plate13_E1	Plate12_E13	Plate11_I1	Plate10_I13	Plate9_M1	Plate8_M13	Plate8_A1	Plate7_A13	Plate6_E1	Plate5_E13	Plate4_I1	Plate3_I13	Plate2_M1	Plate1_M13	Plate1_A1
Plate18_I8	Plate17_I20	Plate16_M8	Plate15_M20	Plate15_A8	Plate14_A20	Plate13_E8	Plate12_E20	Plate11_I8	Plate10_I20	Plate9_M8	Plate8_M20	Plate8_A8	Plate7_A20	Plate6_E8	Plate5_E20	Plate4_I8	Plate3_I20	Plate2_M8	Plate1_M20	Plate1_A8	Plate18_I7	Plate17_I19	Plate16_M7	Plate15_M19	Plate15_A7	Plate14_A19	Plate13_E7	Plate12_E19	Plate11_I7	Plate10_I19	Plate9_M7	Plate8_M19	Plate8_A7	Plate7_A19	Plate6_E7	Plate5_E19	Plate4_I7	Plate3_I19	Plate2_M7	Plate1_M19	Plate1_A7	Plate18_I6	Plate17_I18	Plate16_M6	Plate15_M18	Plate15_A6	Plate14_A18	Plate13_E6	Plate12_E18	Plate11_I6	Plate10_I18	Plate9_M6	Plate8_M18	Plate8_A6	Plate7_A18	Plate6_E6	Plate5_E18	Plate4_I6	Plate3_I18	Plate2_M6	Plate1_M18	Plate1_A6	Plate18_I5	Plate17_I17	Plate16_M5	Plate15_M17	Plate15_A5	Plate14_A17	Plate13_E5	Plate12_E17	Plate11_I5	Plate10_I17	Plate9_M5	Plate8_M17	Plate8_A5	Plate7_A17	Plate6_E5	Plate5_E17	Plate4_I5	Plate3_I17	Plate2_M5	Plate1_M17	Plate1_A5
Plate18_I12	Plate17_I24	Plate16_M12	Plate15_M24	Plate15_A12	Plate14_A24	Plate13_E12	Plate12_E24	Plate11_I12	Plate10_I24	Plate9_M12	Plate8_M24	Plate8_A12	Plate7_A24	Plate6_E12	Plate5_E24	Plate4_I12	Plate3_I24	Plate2_M12	Plate1_M24	Plate1_A12	Plate18_I11	Plate17_I23	Plate16_M11	Plate15_M23	Plate15_A11	Plate14_A23	Plate13_E11	Plate12_E23	Plate11_I11	Plate10_I23	Plate9_M11	Plate8_M23	Plate8_A11	Plate7_A23	Plate6_E11	Plate5_E23	Plate4_I11	Plate3_I23	Plate2_M11	Plate1_M23	Plate1_A11	Plate18_I10	Plate17_I22	Plate16_M10	Plate15_M22	Plate15_A10	Plate14_A22	Plate13_E10	Plate12_E22	Plate11_I10	Plate10_I22	Plate9_M10	Plate8_M22	Plate8_A10	Plate7_A22	Plate6_E10	Plate5_E22	Plate4_I10	Plate3_I22	Plate2_M10	Plate1_M22	Plate1_A10	Plate18_I9	Plate17_I21	Plate16_M9	Plate15_M21	Plate15_A9	Plate14_A21	Plate13_E9	Plate12_E21	Plate11_I9	Plate10_I21	Plate9_M9	Plate8_M21	Plate8_A9	Plate7_A21	Plate6_E9	Plate5_E21	Plate4_I9	Plate3_I21	Plate2_M9	Plate1_M21	Plate1_A9
Plate18_I16	Plate17_M4	Plate16_M16	Plate16_A4	Plate15_A16	Plate14_E4	Plate13_E16	Plate12_I4	Plate11_I16	Plate10_M4	Plate9_M16	Plate9_A4	Plate8_A16	Plate7_E4	Plate6_E16	Plate5_I4	Plate4_I16	Plate3_M4	Plate2_M16	Plate2_A4	Plate1_A16	Plate18_I15	Plate17_M3	Plate16_M15	Plate16_A3	Plate15_A15	Plate14_E3	Plate13_E15	Plate12_I3	Plate11_I15	Plate10_M3	Plate9_M15	Plate9_A3	Plate8_A15	Plate7_E3	Plate6_E15	Plate5_I3	Plate4_I15	Plate3_M3	Plate2_M15	Plate2_A3	Plate1_A15	Plate18_I14	Plate17_M2	Plate16_M14	Plate16_A2	Plate15_A14	Plate14_E2	Plate13_E14	Plate12_I2	Plate11_I14	Plate10_M2	Plate9_M14	Plate9_A2	Plate8_A14	Plate7_E2	Plate6_E14	Plate5_I2	Plate4_I14	Plate3_M2	Plate2_M14	Plate2_A2	Plate1_A14	Plate18_I13	Plate17_M1	Plate16_M13	Plate16_A1	Plate15_A13	Plate14_E1	Plate13_E13	Plate12_I1	Plate11_I13	Plate10_M1	Plate9_M13	Plate9_A1	Plate8_A13	Plate7_E1	Plate6_E13	Plate5_I1	Plate4_I13	Plate3_M1	Plate2_M13	Plate2_A1	Plate1_A13
Plate18_I20	Plate17_M8	Plate16_M20	Plate16_A8	Plate15_A20	Plate14_E8	Plate13_E20	Plate12_I8	Plate11_I20	Plate10_M8	Plate9_M20	Plate9_A8	Plate8_A20	Plate7_E8	Plate6_E20	Plate5_I8	Plate4_I20	Plate3_M8	Plate2_M20	Plate2_A8	Plate1_A20	Plate18_I19	Plate17_M7	Plate16_M19	Plate16_A7	Plate15_A19	Plate14_E7	Plate13_E19	Plate12_I7	Plate11_I19	Plate10_M7	Plate9_M19	Plate9_A7	Plate8_A19	Plate7_E7	Plate6_E19	Plate5_I7	Plate4_I19	Plate3_M7	Plate2_M19	Plate2_A7	Plate1_A19	Plate18_I18	Plate17_M6	Plate16_M18	Plate16_A6	Plate15_A18	Plate14_E6	Plate13_E18	Plate12_I6	Plate11_I18	Plate10_M6	Plate9_M18	Plate9_A6	Plate8_A18	Plate7_E6	Plate6_E18	Plate5_I6	Plate4_I18	Plate3_M6	Plate2_M18	Plate2_A6	Plate1_A18	Plate18_I17	Plate17_M5	Plate16_M17	Plate16_A5	Plate15_A17	Plate14_E5	Plate13_E17	Plate12_I5	Plate11_I17	Plate10_M5	Plate9_M17	Plate9_A5	Plate8_A17	Plate7_E5	Plate6_E17	Plate5_I5	Plate4_I17	Plate3_M5	Plate2_M17	Plate2_A5	Plate1_A17
Plate18_I24	Plate17_M12	Plate16_M24	Plate16_A12	Plate15_A24	Plate14_E12	Plate13_E24	Plate12_I12	Plate11_I24	Plate10_M12	Plate9_M24	Plate9_A12	Plate8_A24	Plate7_E12	Plate6_E24	Plate5_I12	Plate4_I24	Plate3_M12	Plate2_M24	Plate2_A12	Plate1_A24	Plate18_I23	Plate17_M11	Plate16_M23	Plate16_A11	Plate15_A23	Plate14_E11	Plate13_E23	Plate12_I11	Plate11_I23	Plate10_M11	Plate9_M23	Plate9_A11	Plate8_A23	Plate7_E11	Plate6_E23	Plate5_I11	Plate4_I23	Plate3_M11	Plate2_M23	Plate2_A11	Plate1_A23	Plate18_I22	Plate17_M10	Plate16_M22	Plate16_A10	Plate15_A22	Plate14_E10	Plate13_E22	Plate12_I10	Plate11_I22	Plate10_M10	Plate9_M22	Plate9_A10	Plate8_A22	Plate7_E10	Plate6_E22	Plate5_I10	Plate4_I22	Plate3_M10	Plate2_M22	Plate2_A10	Plate1_A22	Plate18_I21	Plate17_M9	Plate16_M21	Plate16_A9	Plate15_A21	Plate14_E9	Plate13_E21	Plate12_I9	Plate11_I21	Plate10_M9	Plate9_M21	Plate9_A9	Plate8_A21	Plate7_E9	Plate6_E21	Plate5_I9	Plate4_I21	Plate3_M9	Plate2_M21	Plate2_A9	Plate1_A21
Plate18_M4	Plate17_M16	Plate17_A4	Plate16_A16	Plate15_E4	Plate14_E16	Plate13_I4	Plate12_I16	Plate11_M4	Plate10_M16	Plate10_A4	Plate9_A16	Plate8_E4	Plate7_E16	Plate6_I4	Plate5_I16	Plate4_M4	Plate3_M16	Plate3_A4	Plate2_A16	Plate1_E4	Plate18_M3	Plate17_M15	Plate17_A3	Plate16_A15	Plate15_E3	Plate14_E15	Plate13_I3	Plate12_I15	Plate11_M3	Plate10_M15	Plate10_A3	Plate9_A15	Plate8_E3	Plate7_E15	Plate6_I3	Plate5_I15	Plate4_M3	Plate3_M15	Plate3_A3	Plate2_A15	Plate1_E3	Plate18_M2	Plate17_M14	Plate17_A2	Plate16_A14	Plate15_E2	Plate14_E14	Plate13_I2	Plate12_I14	Plate11_M2	Plate10_M14	Plate10_A2	Plate9_A14	Plate8_E2	Plate7_E14	Plate6_I2	Plate5_I14	Plate4_M2	Plate3_M14	Plate3_A2	Plate2_A14	Plate1_E2	Plate18_M1	Plate17_M13	Plate17_A1	Plate16_A13	Plate15_E1	Plate14_E13	Plate13_I1	Plate12_I13	Plate11_M1	Plate10_M13	Plate10_A1	Plate9_A13	Plate8_E1	Plate7_E13	Plate6_I1	Plate5_I13	Plate4_M1	Plate3_M13	Plate3_A1	Plate2_A13	Plate1_E1
Plate18_M8	Plate17_M20	Plate17_A8	Plate16_A20	Plate15_E8	Plate14_E20	Plate13_I8	Plate12_I20	Plate11_M8	Plate10_M20	Plate10_A8	Plate9_A20	Plate8_E8	Plate7_E20	Plate6_I8	Plate5_I20	Plate4_M8	Plate3_M20	Plate3_A8	Plate2_A20	Plate1_E8	Plate18_M7	Plate17_M19	Plate17_A7	Plate16_A19	Plate15_E7	Plate14_E19	Plate13_I7	Plate12_I19	Plate11_M7	Plate10_M19	Plate10_A7	Plate9_A19	Plate8_E7	Plate7_E19	Plate6_I7	Plate5_I19	Plate4_M7	Plate3_M19	Plate3_A7	Plate2_A19	Plate1_E7	Plate18_M6	Plate17_M18	Plate17_A6	Plate16_A18	Plate15_E6	Plate14_E18	Plate13_I6	Plate12_I18	Plate11_M6	Plate10_M18	Plate10_A6	Plate9_A18	Plate8_E6	Plate7_E18	Plate6_I6	Plate5_I18	Plate4_M6	Plate3_M18	Plate3_A6	Plate2_A18	Plate1_E6	Plate18_M5	Plate17_M17	Plate17_A5	Plate16_A17	Plate15_E5	Plate14_E17	Plate13_I5	Plate12_I17	Plate11_M5	Plate10_M17	Plate10_A5	Plate9_A17	Plate8_E5	Plate7_E17	Plate6_I5	Plate5_I17	Plate4_M5	Plate3_M17	Plate3_A5	Plate2_A17	Plate1_E5
Plate18_M12	Plate17_M24	Plate17_A12	Plate16_A24	Plate15_E12	Plate14_E24	Plate13_I12	Plate12_I24	Plate11_M12	Plate10_M24	Plate10_A12	Plate9_A24	Plate8_E12	Plate7_E24	Plate6_I12	Plate5_I24	Plate4_M12	Plate3_M24	Plate3_A12	Plate2_A24	Plate1_E12	Plate18_M11	Plate17_M23	Plate17_A11	Plate16_A23	Plate15_E11	Plate14_E23	Plate13_I11	Plate12_I23	Plate11_M11	Plate10_M23	Plate10_A11	Plate9_A23	Plate8_E11	Plate7_E23	Plate6_I11	Plate5_I23	Plate4_M11	Plate3_M23	Plate3_A11	Plate2_A23	Plate1_E11	Plate18_M10	Plate17_M22	Plate17_A10	Plate16_A22	Plate15_E10	Plate14_E22	Plate13_I10	Plate12_I22	Plate11_M10	Plate10_M22	Plate10_A10	Plate9_A22	Plate8_E10	Plate7_E22	Plate6_I10	Plate5_I22	Plate4_M10	Plate3_M22	Plate3_A10	Plate2_A22	Plate1_E10	Plate18_M9	Plate17_M21	Plate17_A9	Plate16_A21	Plate15_E9	Plate14_E21	Plate13_I9	Plate12_I21	Plate11_M9	Plate10_M21	Plate10_A9	Plate9_A21	Plate8_E9	Plate7_E21	Plate6_I9	Plate5_I21	Plate4_M9	Plate3_M21	Plate3_A9	Plate2_A21	Plate1_E9
Plate18_M16	Plate18_A4	Plate17_A16	Plate16_E4	Plate15_E16	Plate14_I4	Plate13_I16	Plate12_M4	Plate11_M16	Plate11_A4	Plate10_A16	Plate9_E4	Plate8_E16	Plate7_I4	Plate6_I16	Plate5_M4	Plate4_M16	Plate4_A4	Plate3_A16	Plate2_E4	Plate1_E16	Plate18_M15	Plate18_A3	Plate17_A15	Plate16_E3	Plate15_E15	Plate14_I3	Plate13_I15	Plate12_M3	Plate11_M15	Plate11_A3	Plate10_A15	Plate9_E3	Plate8_E15	Plate7_I3	Plate6_I15	Plate5_M3	Plate4_M15	Plate4_A3	Plate3_A15	Plate2_E3	Plate1_E15	Plate18_M14	Plate18_A2	Plate17_A14	Plate16_E2	Plate15_E14	Plate14_I2	Plate13_I14	Plate12_M2	Plate11_M14	Plate11_A2	Plate10_A14	Plate9_E2	Plate8_E14	Plate7_I2	Plate6_I14	Plate5_M2	Plate4_M14	Plate4_A2	Plate3_A14	Plate2_E2	Plate1_E14	Plate18_M13	Plate18_A1	Plate17_A13	Plate16_E1	Plate15_E13	Plate14_I1	Plate13_I13	Plate12_M1	Plate11_M13	Plate11_A1	Plate10_A13	Plate9_E1	Plate8_E13	Plate7_I1	Plate6_I13	Plate5_M1	Plate4_M13	Plate4_A1	Plate3_A13	Plate2_E1	Plate1_E13
Plate18_M20	Plate18_A8	Plate17_A20	Plate16_E8	Plate15_E20	Plate14_I8	Plate13_I20	Plate12_M8	Plate11_M20	Plate11_A8	Plate10_A20	Plate9_E8	Plate8_E20	Plate7_I8	Plate6_I20	Plate5_M8	Plate4_M20	Plate4_A8	Plate3_A20	Plate2_E8	Plate1_E20	Plate18_M19	Plate18_A7	Plate17_A19	Plate16_E7	Plate15_E19	Plate14_I7	Plate13_I19	Plate12_M7	Plate11_M19	Plate11_A7	Plate10_A19	Plate9_E7	Plate8_E19	Plate7_I7	Plate6_I19	Plate5_M7	Plate4_M19	Plate4_A7	Plate3_A19	Plate2_E7	Plate1_E19	Plate18_M18	Plate18_A6	Plate17_A18	Plate16_E6	Plate15_E18	Plate14_I6	Plate13_I18	Plate12_M6	Plate11_M18	Plate11_A6	Plate10_A18	Plate9_E6	Plate8_E18	Plate7_I6	Plate6_I18	Plate5_M6	Plate4_M18	Plate4_A6	Plate3_A18	Plate2_E6	Plate1_E18	Plate18_M17	Plate18_A5	Plate17_A17	Plate16_E5	Plate15_E17	Plate14_I5	Plate13_I17	Plate12_M5	Plate11_M17	Plate11_A5	Plate10_A17	Plate9_E5	Plate8_E17	Plate7_I5	Plate6_I17	Plate5_M5	Plate4_M17	Plate4_A5	Plate3_A17	Plate2_E5	Plate1_E17
Plate18_M24	Plate18_A12	Plate17_A24	Plate16_E12	Plate15_E24	Plate14_I12	Plate13_I24	Plate12_M12	Plate11_M24	Plate11_A12	Plate10_A24	Plate9_E12	Plate8_E24	Plate7_I12	Plate6_I24	Plate5_M12	Plate4_M24	Plate4_A12	Plate3_A24	Plate2_E12	Plate1_E24	Plate18_M23	Plate18_A11	Plate17_A23	Plate16_E11	Plate15_E23	Plate14_I11	Plate13_I23	Plate12_M11	Plate11_M23	Plate11_A11	Plate10_A23	Plate9_E11	Plate8_E23	Plate7_I11	Plate6_I23	Plate5_M11	Plate4_M23	Plate4_A11	Plate3_A23	Plate2_E11	Plate1_E23	Plate18_M22	Plate18_A10	Plate17_A22	Plate16_E10	Plate15_E22	Plate14_I10	Plate13_I22	Plate12_M10	Plate11_M22	Plate11_A10	Plate10_A22	Plate9_E10	Plate8_E22	Plate7_I10	Plate6_I22	Plate5_M10	Plate4_M22	Plate4_A10	Plate3_A22	Plate2_E10	Plate1_E22	Plate18_M21	Plate18_A9	Plate17_A21	Plate16_E9	Plate15_E21	Plate14_I9	Plate13_I21	Plate12_M9	Plate11_M21	Plate11_A9	Plate10_A21	Plate9_E9	Plate8_E21	Plate7_I9	Plate6_I21	Plate5_M9	Plate4_M21	Plate4_A9	Plate3_A21	Plate2_E9	Plate1_E21
Plate19_A4	Plate18_A16	Plate17_E4	Plate16_E16	Plate15_I4	Plate14_I16	Plate13_M4	Plate12_M16	Plate12_A4	Plate11_A16	Plate10_E4	Plate9_E16	Plate8_I4	Plate7_I16	Plate6_M4	Plate5_M16	Plate5_A4	Plate4_A16	Plate3_E4	Plate2_E16	Plate1_I4	Plate19_A3	Plate18_A15	Plate17_E3	Plate16_E15	Plate15_I3	Plate14_I15	Plate13_M3	Plate12_M15	Plate12_A3	Plate11_A15	Plate10_E3	Plate9_E15	Plate8_I3	Plate7_I15	Plate6_M3	Plate5_M15	Plate5_A3	Plate4_A15	Plate3_E3	Plate2_E15	Plate1_I3	Plate19_A2	Plate18_A14	Plate17_E2	Plate16_E14	Plate15_I2	Plate14_I14	Plate13_M2	Plate12_M14	Plate12_A2	Plate11_A14	Plate10_E2	Plate9_E14	Plate8_I2	Plate7_I14	Plate6_M2	Plate5_M14	Plate5_A2	Plate4_A14	Plate3_E2	Plate2_E14	Plate1_I2	Plate19_A1	Plate18_A13	Plate17_E1	Plate16_E13	Plate15_I1	Plate14_I13	Plate13_M1	Plate12_M13	Plate12_A1	Plate11_A13	Plate10_E1	Plate9_E13	Plate8_I1	Plate7_I13	Plate6_M1	Plate5_M13	Plate5_A1	Plate4_A13	Plate3_E1	Plate2_E13	Plate1_I1
Plate19_A8	Plate18_A20	Plate17_E8	Plate16_E20	Plate15_I8	Plate14_I20	Plate13_M8	Plate12_M20	Plate12_A8	Plate11_A20	Plate10_E8	Plate9_E20	Plate8_I8	Plate7_I20	Plate6_M8	Plate5_M20	Plate5_A8	Plate4_A20	Plate3_E8	Plate2_E20	Plate1_I8	Plate19_A7	Plate18_A19	Plate17_E7	Plate16_E19	Plate15_I7	Plate14_I19	Plate13_M7	Plate12_M19	Plate12_A7	Plate11_A19	Plate10_E7	Plate9_E19	Plate8_I7	Plate7_I19	Plate6_M7	Plate5_M19	Plate5_A7	Plate4_A19	Plate3_E7	Plate2_E19	Plate1_I7	Plate19_A6	Plate18_A18	Plate17_E6	Plate16_E18	Plate15_I6	Plate14_I18	Plate13_M6	Plate12_M18	Plate12_A6	Plate11_A18	Plate10_E6	Plate9_E18	Plate8_I6	Plate7_I18	Plate6_M6	Plate5_M18	Plate5_A6	Plate4_A18	Plate3_E6	Plate2_E18	Plate1_I6	Plate19_A5	Plate18_A17	Plate17_E5	Plate16_E17	Plate15_I5	Plate14_I17	Plate13_M5	Plate12_M17	Plate12_A5	Plate11_A17	Plate10_E5	Plate9_E17	Plate8_I5	Plate7_I17	Plate6_M5	Plate5_M17	Plate5_A5	Plate4_A17	Plate3_E5	Plate2_E17	Plate1_I5
Plate19_A12	Plate18_A24	Plate17_E12	Plate16_E24	Plate15_I12	Plate14_I24	Plate13_M12	Plate12_M24	Plate12_A12	Plate11_A24	Plate10_E12	Plate9_E24	Plate8_I12	Plate7_I24	Plate6_M12	Plate5_M24	Plate5_A12	Plate4_A24	Plate3_E12	Plate2_E24	Plate1_I12	Plate19_A11	Plate18_A23	Plate17_E11	Plate16_E23	Plate15_I11	Plate14_I23	Plate13_M11	Plate12_M23	Plate12_A11	Plate11_A23	Plate10_E11	Plate9_E23	Plate8_I11	Plate7_I23	Plate6_M11	Plate5_M23	Plate5_A11	Plate4_A23	Plate3_E11	Plate2_E23	Plate1_I11	Plate19_A10	Plate18_A22	Plate17_E10	Plate16_E22	Plate15_I10	Plate14_I22	Plate13_M10	Plate12_M22	Plate12_A10	Plate11_A22	Plate10_E10	Plate9_E22	Plate8_I10	Plate7_I22	Plate6_M10	Plate5_M22	Plate5_A10	Plate4_A22	Plate3_E10	Plate2_E22	Plate1_I10	Plate19_A9	Plate18_A21	Plate17_E9	Plate16_E21	Plate15_I9	Plate14_I21	Plate13_M9	Plate12_M21	Plate12_A9	Plate11_A21	Plate10_E9	Plate9_E21	Plate8_I9	Plate7_I21	Plate6_M9	Plate5_M21	Plate5_A9	Plate4_A21	Plate3_E9	Plate2_E21	Plate1_I9
Plate19_A16	Plate18_E4	Plate17_E16	Plate16_I4	Plate15_I16	Plate14_M4	Plate13_M16	Plate13_A4	Plate12_A16	Plate11_E4	Plate10_E16	Plate9_I4	Plate8_I16	Plate7_M4	Plate6_M16	Plate6_A4	Plate5_A16	Plate4_E4	Plate3_E16	Plate2_I4	Plate1_I16	Plate19_A15	Plate18_E3	Plate17_E15	Plate16_I3	Plate15_I15	Plate14_M3	Plate13_M15	Plate13_A3	Plate12_A15	Plate11_E3	Plate10_E15	Plate9_I3	Plate8_I15	Plate7_M3	Plate6_M15	Plate6_A3	Plate5_A15	Plate4_E3	Plate3_E15	Plate2_I3	Plate1_I15	Plate19_A14	Plate18_E2	Plate17_E14	Plate16_I2	Plate15_I14	Plate14_M2	Plate13_M14	Plate13_A2	Plate12_A14	Plate11_E2	Plate10_E14	Plate9_I2	Plate8_I14	Plate7_M2	Plate6_M14	Plate6_A2	Plate5_A14	Plate4_E2	Plate3_E14	Plate2_I2	Plate1_I14	Plate19_A13	Plate18_E1	Plate17_E13	Plate16_I1	Plate15_I13	Plate14_M1	Plate13_M13	Plate13_A1	Plate12_A13	Plate11_E1	Plate10_E13	Plate9_I1	Plate8_I13	Plate7_M1	Plate6_M13	Plate6_A1	Plate5_A13	Plate4_E1	Plate3_E13	Plate2_I1	Plate1_I13
Plate19_A20	Plate18_E8	Plate17_E20	Plate16_I8	Plate15_I20	Plate14_M8	Plate13_M20	Plate13_A8	Plate12_A20	Plate11_E8	Plate10_E20	Plate9_I8	Plate8_I20	Plate7_M8	Plate6_M20	Plate6_A8	Plate5_A20	Plate4_E8	Plate3_E20	Plate2_I8	Plate1_I20	Plate19_A19	Plate18_E7	Plate17_E19	Plate16_I7	Plate15_I19	Plate14_M7	Plate13_M19	Plate13_A7	Plate12_A19	Plate11_E7	Plate10_E19	Plate9_I7	Plate8_I19	Plate7_M7	Plate6_M19	Plate6_A7	Plate5_A19	Plate4_E7	Plate3_E19	Plate2_I7	Plate1_I19	Plate19_A18	Plate18_E6	Plate17_E18	Plate16_I6	Plate15_I18	Plate14_M6	Plate13_M18	Plate13_A6	Plate12_A18	Plate11_E6	Plate10_E18	Plate9_I6	Plate8_I18	Plate7_M6	Plate6_M18	Plate6_A6	Plate5_A18	Plate4_E6	Plate3_E18	Plate2_I6	Plate1_I18	Plate19_A17	Plate18_E5	Plate17_E17	Plate16_I5	Plate15_I17	Plate14_M5	Plate13_M17	Plate13_A5	Plate12_A17	Plate11_E5	Plate10_E17	Plate9_I5	Plate8_I17	Plate7_M5	Plate6_M17	Plate6_A5	Plate5_A17	Plate4_E5	Plate3_E17	Plate2_I5	Plate1_I17
Plate19_A24	Plate18_E12	Plate17_E24	Plate16_I12	Plate15_I24	Plate14_M12	Plate13_M24	Plate13_A12	Plate12_A24	Plate11_E12	Plate10_E24	Plate9_I12	Plate8_I24	Plate7_M12	Plate6_M24	Plate6_A12	Plate5_A24	Plate4_E12	Plate3_E24	Plate2_I12	Plate1_I24	Plate19_A23	Plate18_E11	Plate17_E23	Plate16_I11	Plate15_I23	Plate14_M11	Plate13_M23	Plate13_A11	Plate12_A23	Plate11_E11	Plate10_E23	Plate9_I11	Plate8_I23	Plate7_M11	Plate6_M23	Plate6_A11	Plate5_A23	Plate4_E11	Plate3_E23	Plate2_I11	Plate1_I23	Plate19_A22	Plate18_E10	Plate17_E22	Plate16_I10	Plate15_I22	Plate14_M10	Plate13_M22	Plate13_A10	Plate12_A22	Plate11_E10	Plate10_E22	Plate9_I10	Plate8_I22	Plate7_M10	Plate6_M22	Plate6_A10	Plate5_A22	Plate4_E10	Plate3_E22	Plate2_I10	Plate1_I22	Plate19_A21	Plate18_E9	Plate17_E21	Plate16_I9	Plate15_I21	Plate14_M9	Plate13_M21	Plate13_A9	Plate12_A21	Plate11_E9	Plate10_E21	Plate9_I9	Plate8_I21	Plate7_M9	Plate6_M21	Plate6_A9	Plate5_A21	Plate4_E9	Plate3_E21	Plate2_I9	Plate1_I21
Plate19_E4	Plate18_E16	Plate17_I4	Plate16_I16	Plate15_M4	Plate14_M16	Plate14_A4	Plate13_A16	Plate12_E4	Plate11_E16	Plate10_I4	Plate9_I16	Plate8_M4	Plate7_M16	Plate7_A4	Plate6_A16	Plate5_E4	Plate4_E16	Plate3_I4	Plate2_I16	Plate1_M4	Plate19_E3	Plate18_E15	Plate17_I3	Plate16_I15	Plate15_M3	Plate14_M15	Plate14_A3	Plate13_A15	Plate12_E3	Plate11_E15	Plate10_I3	Plate9_I15	Plate8_M3	Plate7_M15	Plate7_A3	Plate6_A15	Plate5_E3	Plate4_E15	Plate3_I3	Plate2_I15	Plate1_M3	Plate19_E2	Plate18_E14	Plate17_I2	Plate16_I14	Plate15_M2	Plate14_M14	Plate14_A2	Plate13_A14	Plate12_E2	Plate11_E14	Plate10_I2	Plate9_I14	Plate8_M2	Plate7_M14	Plate7_A2	Plate6_A14	Plate5_E2	Plate4_E14	Plate3_I2	Plate2_I14	Plate1_M2	Plate19_E1	Plate18_E13	Plate17_I1	Plate16_I13	Plate15_M1	Plate14_M13	Plate14_A1	Plate13_A13	Plate12_E1	Plate11_E13	Plate10_I1	Plate9_I13	Plate8_M1	Plate7_M13	Plate7_A1	Plate6_A13	Plate5_E1	Plate4_E13	Plate3_I1	Plate2_I13	Plate1_M1
Plate19_E8	Plate18_E20	Plate17_I8	Plate16_I20	Plate15_M8	Plate14_M20	Plate14_A8	Plate13_A20	Plate12_E8	Plate11_E20	Plate10_I8	Plate9_I20	Plate8_M8	Plate7_M20	Plate7_A8	Plate6_A20	Plate5_E8	Plate4_E20	Plate3_I8	Plate2_I20	Plate1_M8	Plate19_E7	Plate18_E19	Plate17_I7	Plate16_I19	Plate15_M7	Plate14_M19	Plate14_A7	Plate13_A19	Plate12_E7	Plate11_E19	Plate10_I7	Plate9_I19	Plate8_M7	Plate7_M19	Plate7_A7	Plate6_A19	Plate5_E7	Plate4_E19	Plate3_I7	Plate2_I19	Plate1_M7	Plate19_E6	Plate18_E18	Plate17_I6	Plate16_I18	Plate15_M6	Plate14_M18	Plate14_A6	Plate13_A18	Plate12_E6	Plate11_E18	Plate10_I6	Plate9_I18	Plate8_M6	Plate7_M18	Plate7_A6	Plate6_A18	Plate5_E6	Plate4_E18	Plate3_I6	Plate2_I18	Plate1_M6	Plate19_E5	Plate18_E17	Plate17_I5	Plate16_I17	Plate15_M5	Plate14_M17	Plate14_A5	Plate13_A17	Plate12_E5	Plate11_E17	Plate10_I5	Plate9_I17	Plate8_M5	Plate7_M17	Plate7_A5	Plate6_A17	Plate5_E5	Plate4_E17	Plate3_I5	Plate2_I17	Plate1_M5
Plate19_E12	Plate18_E24	Plate17_I12	Plate16_I24	Plate15_M12	Plate14_M24	Plate14_A12	Plate13_A24	Plate12_E12	Plate11_E24	Plate10_I12	Plate9_I24	Plate8_M12	Plate7_M24	Plate7_A12	Plate6_A24	Plate5_E12	Plate4_E24	Plate3_I12	Plate2_I24	Plate1_M12	Plate19_E11	Plate18_E23	Plate17_I11	Plate16_I23	Plate15_M11	Plate14_M23	Plate14_A11	Plate13_A23	Plate12_E11	Plate11_E23	Plate10_I11	Plate9_I23	Plate8_M11	Plate7_M23	Plate7_A11	Plate6_A23	Plate5_E11	Plate4_E23	Plate3_I11	Plate2_I23	Plate1_M11	Plate19_E10	Plate18_E22	Plate17_I10	Plate16_I22	Plate15_M10	Plate14_M22	Plate14_A10	Plate13_A22	Plate12_E10	Plate11_E22	Plate10_I10	Plate9_I22	Plate8_M10	Plate7_M22	Plate7_A10	Plate6_A22	Plate5_E10	Plate4_E22	Plate3_I10	Plate2_I22	Plate1_M10	Plate19_E9	Plate18_E21	Plate17_I9	Plate16_I21	Plate15_M9	Plate14_M21	Plate14_A9	Plate13_A21	Plate12_E9	Plate11_E21	Plate10_I9	Plate9_I21	Plate8_M9	Plate7_M21	Plate7_A9	Plate6_A21	Plate5_E9	Plate4_E21	Plate3_I9	Plate2_I21	Plate1_M9